shortcode,longcode,name,count
293,2930,Delirium d/t other cond,1671
401,4019,Hypertension NOS,708
427,42731,Atrial fibrillation,599
428,4280,CHF NOS,571
518,51881,Acute respiratry failure,434
599,5990,Urin tract infection NOS,433
584,5849,Acute kidney failure NOS,418
272,2724,Hyperlipidemia NEC/NOS,374
414,41401,Crnry athrscl natve vssl,356
250,25000,DMII wo cmp nt st uncntr,310
995,99592,Severe sepsis,305
486,486,"Pneumonia, organism NOS",273
244,2449,Hypothyroidism NOS,244
276,2762,Acidosis,241
507,5070,Food/vomit pneumonitis,239
285,2851,Ac posthemorrhag anemia,235
285,2859,Anemia NOS,227
276,2760,Hyperosmolality,227
530,53081,Esophageal reflux,210
V58,V5861,Long-term use anticoagul,201
038,0389,Septicemia NOS,200
584,5845,"Ac kidny fail, tubr necr",200
311,311,Depressive disorder NEC,197
403,40390,Hy kid NOS w cr kid I-IV,195
276,2761,Hyposmolality,180
785,78552,Septic shock,177
585,5859,Chronic kidney dis NOS,177
496,496,Chr airway obstruct NEC,175
511,5119,Pleural effusion NOS,174
287,2875,Thrombocytopenia NOS,160
412,412,Old myocardial infarct,152
V45,V4581,Aortocoronary bypass,144
305,3051,Tobacco use disorder,137
272,2720,Pure hypercholesterolem,133
V15,V1582,History of tobacco use,127
327,32723,Obstructive sleep apnea,125
E87,E8798,Abn react-procedure NEC,124
403,40391,Hyp kid NOS w cr kid V,121
416,4168,Chr pulmon heart dis NEC,121
427,42789,Cardiac dysrhythmias NEC,119
424,4241,Aortic valve disorder,113
707,70703,"Pressure ulcer, low back",111
V45,V4582,Status-post ptca,110
V49,V4986,Do not resusctate status,109
294,2948,Mental disor NEC oth dis,108
410,41071,"Subendo infarct, initial",106
518,5180,Pulmonary collapse,103
458,45829,Iatrogenc hypotnsion NEC,103
790,7907,Bacteremia,102
585,5856,End stage renal disease,101
276,2767,Hyperpotassemia,101
V58,V5867,Long-term use of insulin,100
733,73300,Osteoporosis NOS,97
274,2749,Gout NOS,96
008,00845,Int inf clstrdium dfcile,94
276,2768,Hypopotassemia,92
300,30000,Anxiety state NOS,91
263,2639,Protein-cal malnutr NOS,89
560,5601,Paralytic ileus,88
997,9971,Surg compl-heart,87
600,60000,BPH w/o urinary obs/LUTS,86
424,4240,Mitral valve disorder,85
V12,V1254,Hx TIA/stroke w/o resid,85
288,28860,Leukocytosis NOS,84
789,78959,Ascites NEC,84
V12,V1251,Hx-ven thrombosis/embols,81
780,78039,Convulsions NEC,79
799,79902,Hypoxemia,79
285,28529,Anemia-other chronic dis,79
458,4589,Hypotension NOS,78
349,34982,Toxic encephalopathy,77
V10,V1046,Hx-prostatic malignancy,76
V43,V4364,Joint replaced hip,76
998,99859,Other postop infection,75
E87,E8788,Abn react-surg proc NEC,75
276,27652,Hypovolemia,75
997,99731,Ventltr assoc pneumonia,75
V43,V4365,Joint replaced knee,75
428,42833,Ac on chr diast hrt fail,73
285,28521,Anemia in chr kidney dis,73
998,99811,Hemorrhage complic proc,73
428,42823,Ac on chr syst hrt fail,72
427,4275,Cardiac arrest,72
788,78820,Retention urine NOS,72
V45,V4501,Status cardiac pacemaker,72
357,3572,Neuropathy in diabetes,71
E88,E8859,Fall from slipping NEC,71
995,99591,Sepsis,70
787,78791,Diarrhea,70
E87,E8782,Abn react-anastom/graft,69
276,2763,Alkalosis,69
427,42732,Atrial flutter,68
276,2764,Mixed acid-base bal dis,67
493,49390,Asthma NOS,66
V15,V1588,Personal history of fall,66
V15,V153,Hx of irradiation,65
V58,V5865,Long-term use steroids,65
428,42832,Chr diastolic hrt fail,63
564,56400,Constipation NOS,63
425,4254,Prim cardiomyopathy NEC,63
570,570,Acute necrosis of liver,63
276,27651,Dehydration,62
427,4271,Parox ventric tachycard,62
491,49121,Obs chr bronc w(ac) exac,62
041,04104,Enterococcus group d,61
286,2869,Coagulat defect NEC/NOS,61
V66,V667,Encountr palliative care,61
250,25060,DMII neuro nt st uncntrl,61
443,4439,Periph vascular dis NOS,58
E88,E8889,Fall NOS,58
278,27801,Morbid obesity,56
280,2800,Chr blood loss anemia,56
998,99812,Hematoma complic proc,55
790,79092,Abnrml coagultion prfile,55
112,1120,Thrush,53
280,2809,Iron defic anemia NOS,52
707,70722,"Pressure ulcer, stage II",52
577,5770,Acute pancreatitis,52
693,6930,Drug dermatitis NOS,51
E93,E9342,Adv eff anticoagulants,50
345,34590,Epilep NOS w/o intr epil,50
300,3004,Dysthymic disorder,50
428,42822,Chr systolic hrt failure,50
294,29410,Dementia w/o behav dist,50
998,9982,Accidental op laceration,50
198,1985,Secondary malig neo bone,49
V87,V8741,Hx antineoplastic chemo,49
564,56409,Constipation NEC,49
518,51884,Acute & chronc resp fail,49
585,5853,Chr kidney dis stage III,49
999,99931,Oth/uns inf-cen ven cath,49
578,5789,Gastrointest hemorr NOS,48
250,25040,DMII renl nt st uncntrld,47
571,5712,Alcohol cirrhosis liver,47
278,27800,Obesity NOS,47
331,3310,Alzheimer's disease,47
E87,E8781,Abn react-artif implant,46
E84,E8497,Accid in resident instit,46
785,78559,Shock w/o trauma NEC,45
428,42831,Ac diastolic hrt failure,45
572,5723,Portal hypertension,45
787,78720,Dysphagia NOS,44
441,4414,Abdom aortic aneurysm,44
996,99662,React-oth vasc dev/graft,44
578,5781,Blood in stool,43
V10,V103,Hx of breast malignancy,43
041,04111,Mth sus Stph aur els/NOS,43
682,6822,Cellulitis of trunk,43
790,7904,Elev transaminase/ldh,43
348,3485,Cerebral edema,43
414,4148,Chr ischemic hrt dis NEC,42
562,56210,Dvrtclo colon w/o hmrhg,42
571,5715,Cirrhosis of liver NOS,41
275,27542,Hypercalcemia,41
401,4011,Benign hypertension,41
518,51882,Other pulmonary insuff,41
557,5570,Ac vasc insuff intestine,41
715,71590,Osteoarthros NOS-unspec,41
275,2753,Dis phosphorus metabol,41
276,27669,Fluid overload NEC,40
707,70705,"Pressure ulcer, buttock",40
E93,E9331,Adv eff antineoplastic,40
E88,E8809,Fall on stair/step NEC,40
338,33829,Chronic pain NEC,39
038,0380,Streptococcal septicemia,39
038,03811,Meth susc Staph aur sept,39
197,1970,Secondary malig neo lung,38
V10,V1005,Hx of colonic malignancy,38
286,2867,Acq coagul factor defic,38
112,1122,Candidias urogenital NEC,37
428,42830,Diastolc hrt failure NOS,37
785,78551,Cardiogenic shock,37
305,30500,Alcohol abuse-unspec,37
414,41400,Cor ath unsp vsl ntv/gft,37
E93,E9320,Adv eff corticosteroids,36
332,3320,Paralysis agitans,36
041,0413,Klebsiella pneumoniae,36
512,5121,Iatrogenic pneumothorax,36
296,29680,Bipolar disorder NOS,36
997,9975,Surg compl-urinary tract,35
V09,V090,Inf mcrg rstn pncllins,35
070,07054,Chrnc hpt C wo hpat coma,35
788,7885,Oliguria & anuria,35
198,1983,Sec mal neo brain/spine,35
E92,E9289,Accident NOS,34
253,2536,Neurohypophysis dis NEC,34
431,431,Intracerebral hemorrhage,33
599,59971,Gross hematuria,33
428,42821,Ac systolic hrt failure,33
493,49320,Chronic obst asthma NOS,33
197,1977,Second malig neo liver,33
427,42781,Sinoatrial node dysfunct,33
433,43310,Ocl crtd art wo infrct,32
415,41519,Pulm embol/infarct NEC,32
852,85221,Subdural hem w/o coma,32
568,5680,Peritoneal adhesions,32
518,51889,Other lung disease NEC,32
V49,V4987,Physical restrain status,32
728,72888,Rhabdomyolysis,31
038,03842,E coli septicemia,31
041,04185,Oth gram negatv bacteria,31
041,0417,Pseudomonas infect NOS,31
572,5722,Hepatic encephalopathy,31
331,3314,Obstructiv hydrocephalus,31
567,56722,Peritoneal abscess,31
733,73313,Path fx vertebrae,30
482,4821,Pseudomonal pneumonia,30
365,3659,Glaucoma NOS,29
459,45981,Venous insufficiency NOS,29
362,36201,Diabetic retinopathy NOS,29
482,48241,Meth sus pneum d/t Staph,29
519,51919,Trachea & bronch dis NEC,28
599,59970,Hematuria NOS,28
682,6826,Cellulitis of leg,28
591,591,Hydronephrosis,28
348,34839,Encephalopathy NEC,28
303,30390,Alcoh dep NEC/NOS-unspec,28
600,60001,BPH w urinary obs/LUTS,28
714,7140,Rheumatoid arthritis,28
291,29181,Alcohol withdrawal,28
996,99674,Comp-oth vasc dev/graft,27
518,5184,Acute lung edema NOS,27
553,5533,Diaphragmatic hernia,27
V44,V441,Gastrostomy status,27
389,3899,Hearing loss NOS,27
421,4210,Ac/subac bact endocard,27
V10,V1011,Hx-bronchogenic malignan,27
411,4111,Intermed coronary synd,27
428,42843,Ac/chr syst/dia hrt fail,26
593,5939,Renal & ureteral dis NOS,26
790,79029,Abnormal glucose NEC,26
E93,E9308,Adv eff antibiotics NEC,26
784,7847,Epistaxis,26
V45,V4502,Status autm crd dfbrltr,26
303,30391,Alcoh dep NEC/NOS-contin,26
041,04112,MRSA elsewhere/NOS,26
572,5724,Hepatorenal syndrome,26
V45,V4511,Renal dialysis status,26
V12,V1272,Prsnl hst colonic polyps,26
348,34831,Metabolic encephalopathy,26
560,5609,Intestinal obstruct NOS,26
286,2866,Defibrination syndrome,26
250,25080,DMII oth nt st uncntrld,25
733,73390,Bone & cartilage dis NOS,25
780,7802,Syncope and collapse,25
780,78052,Insomnia NOS,25
198,19889,Secondary malig neo NEC,25
576,5761,Cholangitis,25
070,07070,Hpt C w/o hepat coma NOS,25
V42,V422,Heart valve transplant,25
261,261,Nutritional marasmus,25
784,7843,Aphasia,25
397,3970,Tricuspid valve disease,24
440,4400,Aortic atherosclerosis,24
799,7994,Cachexia,24
338,3383,Neoplasm related pain,24
492,4928,Emphysema NEC,24
867,8670,Bladder/urethra inj-clos,24
V45,V454,Arthrodesis status,24
721,7210,Cervical spondylosis,24
585,5854,Chr kidney dis stage IV,24
707,70709,"Pressure ulcer, site NEC",24
438,43889,Late effect CV dis NEC,23
042,042,Human immuno virus dis,23
275,27541,Hypocalcemia,23
273,2738,Dis plas protein met NEC,23
721,7213,Lumbosacral spondylosis,23
356,3569,Idio periph neurpthy NOS,23
348,34830,Encephalopathy NOS,23
787,78722,"Dysphagia, oropharyngeal",23
V43,V433,Heart valve replac NEC,23
V12,V1204,Hx Methicln resist Staph,23
324,3241,Intraspinal abscess,23
362,36250,Macular degeneration NOS,22
369,3694,Legal blindness-usa def,22
569,56981,Intestinal fistula,22
E87,E8780,Abn react-org transplant,22
V46,V462,Depend-supplement oxygen,22
515,515,Postinflam pulm fibrosis,22
696,6961,Other psoriasis,22
707,70707,"Pressure ulcer, heel",22
536,5363,Gastroparesis,21
583,58381,Nephritis NOS in oth dis,21
287,28749,Sec thrombocytpenia NEC,21
E93,E9352,Adv eff opiates,21
785,7850,Tachycardia NOS,21
292,29281,Drug-induced delirium,21
933,9331,Foreign body in larynx,21
997,99749,Oth digestv system comp,21
E94,E9478,Adv eff medicinal NEC,21
307,3079,Special symptom NEC/NOS,21
V15,V1581,Hx of past noncompliance,21
432,4321,Subdural hemorrhage,20
996,99682,Compl liver transplant,20
396,3962,Mitral insuf/aort stenos,20
263,2630,Malnutrition mod degree,20
V13,V1302,Personal history UTI,20
E87,E8700,Acc cut/hem in surgery,20
434,43411,Crbl emblsm w infrct,20
250,25002,DMII wo cmp uncntrld,20
038,03849,Gram-neg septicemia NEC,20
038,03843,Pseudomonas septicemia,20
430,430,Subarachnoid hemorrhage,20
V44,V440,Tracheostomy status,20
724,7242,Lumbago,19
041,04119,Other staphylococcus,19
560,56081,Intestinal adhes w obstr,19
996,99681,Compl kidney transplant,19
790,7906,Abn blood chemistry NEC,19
434,43491,Crbl art ocl NOS w infrc,19
288,28800,Neutropenia NOS,19
438,43820,Late ef-hemplga side NOS,19
426,4260,Atriovent block complete,19
576,5768,Dis of biliary tract NEC,18
V08,V08,Asymp hiv infectn status,18
518,51851,Ac resp flr fol trma/srg,18
578,5780,Hematemesis,18
041,0416,Proteus infection NOS,18
342,34290,Unsp hemiplga unspf side,18
196,1961,Mal neo lymph-intrathor,18
V85,V850,"BMI less than 19,adult",18
805,8054,Fx lumbar vertebra-close,18
780,78061,Fever in other diseases,18
568,56881,Hemoperitoneum,18
456,45621,Esoph varice oth dis NOS,18
574,57420,Cholelithiasis NOS,18
255,25541,Glucocorticoid deficient,18
707,70715,Ulcer other part of foot,18
692,6929,Dermatitis NOS,18
780,78057,Sleep apnea NOS,18
348,3484,Compression of brain,18
E93,E9394,Adv eff benzodiaz tranq,18
202,20280,Oth lymp unsp xtrndl org,18
576,5762,Obstruction of bile duct,18
V10,V1082,Hx-malig skin melanoma,18
112,1125,Disseminated candidiasis,17
303,30393,Alcoh dep NEC/NOS-remiss,17
577,5772,Pancreat cyst/pseudocyst,17
203,20300,Mult mye w/o achv rmson,17
458,4588,Hypotension NEC,17
729,72992,Nontrauma hema soft tiss,17
238,23871,Essntial thrombocythemia,17
344,3441,Paraplegia NOS,17
V17,V173,Fam hx-ischem heart dis,17
788,78830,Urinary incontinence NOS,17
440,44024,Ath ext ntv art gngrene,17
275,2752,Dis magnesium metabolism,17
041,04149,E.coli infection NEC/NOS,17
E87,E8786,Abn reac-organ rem NEC,17
453,45341,Ac DVT/emb prox low ext,17
782,7824,Jaundice NOS,17
211,2113,Benign neoplasm lg bowel,16
185,185,Malign neopl prostate,16
V10,V1051,Hx of bladder malignancy,16
482,48283,Pneumo oth grm-neg bact,16
920,920,Contusion face/scalp/nck,16
398,39891,Rheumatic heart failure,16
730,73008,Ac osteomyelitis NEC,16
162,1623,Mal neo upper lobe lung,16
E87,E8790,Abn react-cardiac cath,16
575,5750,Acute cholecystitis,16
E91,E912,Resp obstr-inhal obj NEC,16
707,70724,"Pressure ulcer, stage IV",16
569,56983,Perforation of intestine,16
V45,V4589,Post-proc states NEC,16
782,7823,Edema,16
530,53019,Other esophagitis,16
413,4139,Angina pectoris NEC/NOS,16
E87,E8792,Abn react-radiotherapy,16
805,8052,Fx dorsal vertebra-close,16
567,56721,Peritonitis (acute) gen,16
780,78060,Fever NOS,16
112,11289,Candidiasis site NEC,15
273,2731,Monoclon paraproteinemia,15
440,44020,Athscl extrm ntv art NOS,15
305,30501,Alcohol abuse-continuous,15
567,56729,Suppurat peritonitis NEC,15
535,53550,Gstr/ddnts NOS w/o hmrhg,15
V58,V5866,Long-term use of aspirin,15
783,7837,Failure to thrive-adult,15
294,29420,Demen NOS w/o behv dstrb,15
724,7245,Backache NOS,15
V10,V1052,Hx of kidney malignancy,15
788,78829,Oth spcf retention urine,15
782,7821,Nonspecif skin erupt NEC,15
792,7921,Abn find-stool contents,15
V45,V4572,Acquire absnce intestine,15
E87,E8796,Abn react-urinary cath,15
510,5109,Empyema w/o fistula,15
274,27401,Acute gouty arthropathy,15
V42,V420,Kidney transplant status,15
V10,V1083,Hx-skin malignancy NEC,15
438,43811,Late eff CV dis-aphasia,15
997,99702,Iatrogen CV infarc/hmrhg,14
411,41189,Ac ischemic hrt dis NEC,14
493,49322,Ch obst asth w (ac) exac,14
716,71690,Arthropathy NOS-unspec,14
V62,V6284,Suicidal ideation,14
369,36960,"Blindness, one eye",14
250,25050,DMII ophth nt st uncntrl,14
511,51189,Effusion NEC exc tb,14
452,452,Portal vein thrombosis,14
790,7905,Abn serum enzy level NEC,14
873,8730,Open wound of scalp,14
V44,V443,Colostomy status,14
V09,V0980,Inf mcr rst ot drg nt ml,14
427,4270,Parox atrial tachycardia,14
577,5771,Chronic pancreatitis,14
482,48242,Meth res pneu d/t Staph,14
205,20500,Ac myl leuk wo achv rmsn,14
707,70714,Ulcer of heel & midfoot,14
852,85220,Traumatic subdural hem,14
333,33394,Restless legs syndrome,14
996,99664,React-indwell urin cath,14
481,481,Pneumococcal pneumonia,14
555,5559,Regional enteritis NOS,14
E87,E8791,Abn react-renal dialysis,14
958,9584,Traumatic shock,14
423,4233,Cardiac tamponade,14
266,2662,B-complex defic NEC,14
E94,E9479,Adv eff medicinal NOS,13
V12,V1271,Prsnl hst peptic ulcr ds,13
530,53085,Barrett's esophagus,13
725,725,Polymyalgia rheumatica,13
715,71536,Loc osteoarth NOS-l/leg,13
038,03812,MRSA septicemia,13
340,340,Multiple sclerosis,13
250,25042,DMII renal uncntrld,13
250,25062,DMII neuro uncntrld,13
V11,V113,Hx of alcoholism,13
410,41072,"Subendo infarct, subseq",13
567,56723,Spontan bact peritonitis,13
736,73679,Acq ankle-foot def NEC,13
999,9999,Complic med care NEC/NOS,13
V45,V4579,Acq absence of organ NEC,13
787,78729,Dysphagia NEC,13
440,44023,Ath ext ntv art ulcrtion,13
873,87342,Open wound of forehead,13
V13,V1301,Prsnl hst urnr dsrd calc,13
V53,V5331,Ftng cardiac pacemaker,13
414,41402,Crn ath atlg vn bps grft,13
998,99832,Disrup-external op wound,13
518,51883,Chronic respiratory fail,13
V45,V453,Intestinal bypass status,13
781,7812,Abnormality of gait,13
428,42820,Systolic hrt failure NOS,13
820,82021,Intertrochanteric fx-cl,13
346,34690,Migrne unsp wo ntrc mgrn,13
117,1179,Mycoses NEC & NOS,13
458,45821,Hemododialysis hypotensn,12
707,70704,"Pressure ulcer, hip",12
V64,V6441,Lap surg convert to open,12
596,59654,Neurogenic bladder NOS,12
790,79001,"Drop, hematocrit, precip",12
E84,E8490,Accident in home,12
571,5718,Chronic liver dis NEC,12
336,3363,Myelopathy in oth dis,12
724,72400,Spinal stenosis NOS,12
728,72887,Muscle weakness-general,12
285,28522,Anemia in neoplastic dis,12
530,5303,Esophageal stricture,12
562,56211,Dvrtcli colon w/o hmrhg,12
038,0388,Septicemia NEC,12
682,6827,Cellulitis of foot,12
309,30981,Posttraumatic stress dis,12
440,44021,Ath ext ntv at w claudct,12
426,4263,Left bb block NEC,12
608,60886,"Edema, male genital orgn",12
584,5848,Acute kidney failure NEC,12
288,28803,Drug induced neutropenia,12
996,99672,Comp-oth cardiac device,12
562,56212,Dvrtclo colon w hmrhg,12
569,56969,Colstmy/enteros comp NEC,12
998,99831,Disrup internal op wound,12
E91,E915,FB entering oth orifice,12
784,7840,Headache,12
478,4786,Edema of larynx,12
V10,V1087,Hx of thyroid malignancy,12
284,28419,Other pancytopenia,12
V45,V4573,Acquired absence kidney,12
V49,V4975,Status amput below knee,12
729,7291,Myalgia and myositis NOS,12
453,45381,Ac embl suprfcl up ext,12
453,45342,Ac DVT/emb distl low ext,12
998,9986,Persist postop fistula,12
276,27650,Volume depletion NOS,12
V10,V1042,Hx-uterus malignancy NEC,11
852,85201,Subarachnoid hem-no coma,11
423,4239,Pericardial disease NOS,11
244,2440,Postsurgical hypothyroid,11
553,55321,Incisional hernia,11
V70,V707,Exam-clincal trial,11
780,78097,Altered mental status,11
719,71945,Joint pain-pelvis,11
410,41011,"AMI anterior wall, init",11
745,7455,Secundum atrial sept def,11
V53,V5332,Ftng autmtc dfibrillator,11
441,4412,Thoracic aortic aneurysm,11
427,42741,Ventricular fibrillation,11
934,9341,Foreign body bronchus,11
802,8020,Nasal bone fx-closed,11
279,27951,Ac graft-versus-host dis,11
719,71941,Joint pain-shlder,11
441,44101,Dsct of thoracic aorta,11
482,4829,Bacterial pneumonia NOS,11
996,99685,Compl marrow transplant,11
997,9972,Surg comp-peri vasc syst,11
225,2252,Ben neo cerebr meninges,11
189,1890,Malig neopl kidney,11
780,78001,Coma,11
414,4142,Chr tot occlus cor artry,11
268,2689,Vitamin D deficiency NOS,11
458,4580,Orthostatic hypotension,11
V88,V8801,Acq absnce cervix/uterus,11
E93,E9363,Adv eff antconvl NEC/NOS,11
E92,E9290,Late eff motor vehic acc,11
198,1984,Sec malig neo nerve NEC,11
292,2920,Drug withdrawal,10
E88,E8842,Fall from chair,10
482,4820,K. pneumoniae pneumonia,10
482,48282,Pneumonia e coli,10
569,5693,Rectal & anal hemorrhage,10
487,4870,Influenza with pneumonia,10
574,57400,Cholelith w ac cholecyst,10
403,40310,Ben hy kid w cr kid I-IV,10
724,72402,"Spin sten,lumbr wo claud",10
574,57451,Choledochlith NOS w obst,10
290,29040,"Vascular dementia,uncomp",10
410,41041,"AMI inferior wall, init",10
528,52801,Mucosits d/t antineo rx,10
707,70720,"Pressure ulcer,stage NOS",10
590,59010,Ac pyelonephritis NOS,10
707,70702,"Pressure ulcer, upr back",10
251,2512,Hypoglycemia NOS,10
451,45182,Phlbts sprfc vn up extrm,10
802,8028,Fx facial bone NEC-close,10
294,2949,Mental disor NOS oth dis,10
304,30401,Opioid dependence-contin,10
996,99659,Malfunc oth device/graft,10
117,1173,Aspergillosis,10
861,86121,Lung contusion-closed,10
038,0383,Anaerobic septicemia,10
197,1974,Sec malig neo sm bowel,10
802,8024,Fx malar/maxillary-close,10
338,33818,Acute postop pain NEC,10
305,30560,Cocaine abuse-unspec,10
783,78321,Abnormal loss of weight,10
444,44422,Lower extremity embolism,9
V42,V4282,Trspl sts-perip stm cell,9
494,4940,Bronchiectas w/o ac exac,9
909,9092,Late effect of radiation,9
296,29620,Depress psychosis-unspec,9
041,04109,Other streptococcus,9
552,55221,Obstr incisional hernia,9
333,3331,Tremor NEC,9
593,59381,Renal vascular disorder,9
289,28959,Spleen disease NEC,9
695,69589,Erythematous cond NEC,9
514,514,Pulm congest/hypostasis,9
331,33182,Dementia w Lewy bodies,9
E93,E9300,Adv eff penicillins,9
305,30503,Alcohol abuse-in remiss,9
569,5695,Intestinal abscess,9
162,1625,Mal neo lower lobe lung,9
707,70725,"Pressure ulcer,unstagebl",9
359,35981,Critical illness myopthy,9
162,1628,Mal neo bronch/lung NEC,9
802,8026,Fx orbital floor-closed,9
078,0785,Cytomegaloviral disease,9
041,04186,Helicobacter pylori,9
682,6823,Cellulitis of arm,9
707,70721,"Pressure ulcer, stage I",9
196,1962,Mal neo lymph intra-abd,9
112,1123,Cutaneous candidiasis,9
996,9961,Malfunc vasc device/graf,9
309,3090,Adjustmnt dis w depressn,9
238,23875,Myelodysplastic synd NOS,9
249,24900,Sec DM wo cmp nt st uncn,9
416,4160,Prim pulm hypertension,8
197,1976,Sec mal neo peritoneum,8
041,04110,Staphylococcus unspcfied,8
E81,E8147,Mv coll w pedest-pedest,8
567,56731,Psoas muscle abscess,8
E81,E8120,Mv collision NOS-driver,8
789,7892,Splenomegaly,8
251,2518,Pancreatic disorder NEC,8
786,78659,Chest pain NEC,8
728,72889,Muscle/ligament dis NEC,8
995,99593,SIRS-noninf w/o ac or ds,8
V10,V1006,Hx-rectal & anal malign,8
711,71106,Pyogen arthritis-l/leg,8
348,3481,Anoxic brain damage,8
513,5130,Abscess of lung,8
250,25061,DMI neuro nt st uncntrld,8
040,04082,Toxic shock syndrome,8
997,99739,Respiratory comp NEC,8
V64,V641,No proc/contraindication,8
805,8056,Fx sacrum/coccyx-closed,8
289,28984,Heparin-indu thrombocyto,8
807,8072,Fracture of sternum-clos,8
807,80708,Fx eight/more rib-closed,8
305,30561,Cocaine abuse-continuous,8
455,4556,Hemorrhoids NOS,8
070,07032,Hpt B chrn wo cm wo dlta,8
054,0549,Herpes simplex NOS,8
V55,V550,Atten to tracheostomy,8
V85,V8541,"BMI 40.0-44.9, adult",8
E93,E9361,Adv eff hydantoin deriv,8
244,2441,Postablat hypothyr NEC,8
285,2858,Anemia NEC,8
345,3453,Grand mal status,8
070,07071,Hpt C w hepatic coma NOS,8
E94,E9444,Adv eff diuretics NEC,8
E81,E8160,Loss control mv acc-driv,8
999,99932,Blood inf dt cen ven cth,8
537,53789,Gastroduodenal dis NEC,8
V58,V5869,Long-term use meds NEC,8
780,78009,Other alter consciousnes,8
V49,V4983,Await organ transplnt st,8
998,99883,Non-healing surgcl wound,8
E88,E8881,Fall striking object NEC,8
E94,E9420,Adv eff card rhyth regul,8
532,53240,Chr duoden ulcer w hem,8
428,42842,Chr syst/diastl hrt fail,8
558,5589,Noninf gastroenterit NEC,8
996,99673,Comp-ren dialys dev/grft,8
557,5571,Chr vasc insuff intest,8
V10,V1041,Hx-cervical malignancy,8
V12,V1255,Hx pulmonary embolism,8
155,1550,"Mal neo liver, primary",8
853,85301,Brain hem NEC w/o coma,8
E93,E9319,Adv eff antinfct NEC/NOS,8
287,28731,Immune thrombocyt purpra,8
337,3371,Aut neuropthy in oth dis,8
415,41511,Iatrogen pulm emb/infarc,8
V45,V4561,Cataract extract status,8
851,85181,Brain lacer NEC w/o coma,8
999,99989,Transfusion reaction NEC,8
V15,V1551,Hx traumatic fracture,8
785,7856,Enlargement lymph nodes,8
288,2883,Eosinophilia,7
294,29411,Dementia w behavior dist,7
250,25063,DMI neuro uncntrld,7
787,78721,"Dysphagia, oral phase",7
781,78194,Facial weakness,7
564,5641,Irritable bowel syndrome,7
345,34540,Psymotr epil w/o int epi,7
304,30403,Opioid dependence-remiss,7
721,7211,Cerv spondyl w myelopath,7
250,25051,DMI ophth nt st uncntrld,7
V10,V1079,Hx-lymphatic malign NEC,7
710,7100,Syst lupus erythematosus,7
252,2521,Hypoparathyroidism,7
257,2572,Testicular hypofunc NEC,7
368,3682,Diplopia,7
998,99813,Seroma complicting proc,7
V45,V452,Ventricular shunt status,7
729,72989,Muscskel sympt limb NEC,7
996,99661,React-cardiac dev/graft,7
532,53290,Duodenal ulcer NOS,7
729,7295,Pain in limb,7
V64,V642,No proc/patient decision,7
715,71596,Osteoarthros NOS-l/leg,7
998,99881,Emphysema rsult frm proc,7
276,2769,Electrolyt/fluid dis NEC,7
738,7384,Acq spondylolisthesis,7
E93,E9305,Adv eff cephalosporin,7
E94,E9426,Adv eff antihyperten agt,7
820,82009,Fx femur intrcaps NEC-cl,7
429,42983,Takotsubo syndrome,7
473,4739,Chronic sinusitis NOS,7
V10,V1003,Hx-esophageal malignancy,7
V02,V0254,Meth resis Staph carrier,7
041,0415,H. influenzae infect NOS,7
433,43330,Ocl mlt bi art wo infrct,7
707,70723,"Pressure ulcer,stage III",7
447,4471,Stricture of artery,7
038,03840,Gram-neg septicemia NOS,7
437,4370,Cerebral atherosclerosis,7
571,57142,Autoimmune hepatitis,7
459,4592,Compression of vein,7
188,1888,Malig neo bladder NEC,7
556,5569,Ulceratve colitis unspcf,7
263,2631,Malnutrition mild degree,7
807,80705,Fracture five ribs-close,7
722,72272,Thor disc dis w myelopat,7
730,73027,Osteomyelitis NOS-ankle,7
996,99667,React-oth int ortho dev,7
396,3963,Mitral/aortic val insuff,7
440,4404,Chr tot occl art extrem,7
571,5711,Ac alcoholic hepatitis,7
E93,E9384,Adv eff gen anes NEC/NOS,7
295,29570,Schizoaffective dis NOS,7
250,25092,DMII unspf uncntrld,7
787,78701,Nausea with vomiting,7
281,2810,Pernicious anemia,7
808,8080,Fracture acetabulum-clos,7
787,78702,Nausea alone,7
V60,V600,Lack of housing,7
553,5531,Umbilical hernia,7
573,5738,Liver disorders NEC,7
304,30400,Opioid dependence-unspec,7
424,4242,Nonrheum tricusp val dis,7
338,33811,Acute pain due to trauma,7
850,85011,Concus-brief coma <31 mn,6
E93,E9379,Adv eff sedat/hypnot NOS,6
V12,V1259,Hx-circulatory dis NEC,6
153,1533,Mal neo sigmoid colon,6
V02,V0259,Bacteria dis carrier NEC,6
E88,E882,Fall from building,6
344,34460,Cauda equina synd NOS,6
305,30590,Drug abuse NEC-unspec,6
250,25041,DMI renl nt st uncntrld,6
E93,E9378,Adv eff sedat/hypnot NEC,6
296,29650,Bipol I cur depres NOS,6
110,1101,Dermatophytosis of nail,6
198,1987,Second malig neo adrenal,6
533,53390,Peptic ulcer NOS,6
349,34931,Accid punc/op lac dura,6
038,03819,Staphylcocc septicem NEC,6
530,5306,Acq esophag diverticulum,6
567,56738,Retroperiton abscess NEC,6
786,78609,Respiratory abnorm NEC,6
250,25012,DMII ketoacd uncontrold,6
402,40291,Hyp ht dis NOS w ht fail,6
241,2411,Nontox multinodul goiter,6
008,0088,Viral enteritis NOS,6
805,80501,Fx c1 vertebra-closed,6
820,82022,Subtrochanteric fx-close,6
579,5793,Intest postop nonabsorb,6
288,28850,Leukocytopenia NOS,6
550,55090,Unilat inguinal hernia,6
V12,V1201,Prsnl hst tuberculosis,6
281,2819,Deficiency anemia NOS,6
482,4822,H.influenzae pneumonia,6
155,1552,Malignant neo liver NOS,6
707,70719,Ulcer oth part low limb,6
038,0382,Pneumococcal septicemia,6
070,07044,Chrnc hpt C w hepat Coma,6
E93,E9392,Adv eff butyrophen tranq,6
157,1570,Mal neo pancreas head,6
787,78723,"Dysphagia, pharyngeal",6
453,45386,Ac embl internl jug vein,6
V46,V4611,Respirator depend status,6
730,73018,Chr osteomyelit NEC,6
731,7313,Major osseous defects,6
580,58089,Acute nephritis NEC,6
197,1978,Sec mal neo GI NEC,6
E88,E8844,Fall from bed,6
860,8600,Traum pneumothorax-close,6
197,1972,Second malig neo pleura,6
281,2811,B12 defic anemia NEC,6
535,53541,Oth spf gastrt w hmrhg,6
V45,V4571,Acq absnce breast/nipple,6
719,71906,Joint effusion-l/leg,6
491,49120,Obst chr bronc w/o exac,6
E93,E9390,Adv eff antidepressants,6
807,80701,Fracture one rib-closed,6
996,99663,React-nerv sys dev/graft,6
V45,V4586,Bariatric surgery status,6
314,31401,Attn deficit w hyperact,6
344,34400,"Quadriplegia, unspecifd",6
038,03810,Staphylcocc septicem NOS,6
707,70710,Ulcer of lower limb NOS,6
709,7098,Skin disorders NEC,6
528,52809,Stomatits & mucosits NEC,6
250,25053,DMI ophth uncntrld,6
783,7830,Anorexia,6
E87,E8784,Abn react-plast surg NEC,6
250,25043,DMI renal uncntrld,6
707,7078,Chronic skin ulcer NEC,6
440,4401,Renal artery atheroscler,6
456,45620,Bleed esoph var oth dis,5
240,2409,Goiter NOS,5
593,5933,Stricture of ureter,5
786,7862,Cough,5
453,45382,Ac DVT/embl up ext,5
V44,V442,Ileostomy status,5
196,1960,Mal neo lymph-head/neck,5
728,72886,Necrotizing fasciitis,5
530,53082,Esophageal hemorrhage,5
579,5790,Celiac disease,5
824,8244,Fx bimalleolar-closed,5
456,4561,Esoph varices w/o bleed,5
331,3313,Communicat hydrocephalus,5
707,70713,Ulcer of ankle,5
707,70712,Ulcer of calf,5
E95,E9500,Poison-analgesics,5
041,04102,Streptococcus group b,5
599,59972,Microscopic hematuria,5
614,6146,Fem pelvic periton adhes,5
300,30001,Panic dis w/o agorphobia,5
501,501,Asbestosis,5
278,27803,Obesity hypovent synd,5
934,9349,FB respiratory tree NOS,5
112,1121,Candidal vulvovaginitis,5
478,47829,Disease of pharynx NEC,5
996,99649,Mech com orth dev NEC,5
534,53400,Ac marginal ulcer w hem,5
478,47830,Vocal cord paralysis NOS,5
440,4408,Atherosclerosis NEC,5
707,70706,"Pressure ulcer, ankle",5
531,53190,Stomach ulcer NOS,5
295,29590,Schizophrenia NOS-unspec,5
153,1539,Malignant neo colon NOS,5
782,7827,Spontaneous ecchymoses,5
786,7864,Abnormal sputum,5
511,51181,Malignant pleural effusn,5
351,3510,Bell's palsy,5
V58,V5883,Therapeutic drug monitor,5
204,20410,Ch lym leuk wo achv rmsn,5
138,138,Late effect acute polio,5
310,3100,Frontal lobe syndrome,5
996,99676,Comp-genitourin dev/grft,5
324,3240,Intracranial abscess,5
536,53642,Gastrostomy comp - mech,5
E88,E8888,Fall NEC,5
531,53140,Chr stomach ulc w hem,5
345,34510,Gen cnv epil w/o intr ep,5
997,99709,Surg comp nerv systm NEC,5
442,4423,Lower extremity aneurysm,5
574,57410,Cholelith w cholecys NEC,5
731,7318,Bone involv in oth dis,5
557,5579,Vasc insuff intest NOS,5
733,73319,Path fx oth specif site,5
070,07041,Hpt C acute w hepat Coma,5
052,0529,Varicella uncomplicated,5
729,72972,Nontraum comp syn-low ex,5
E92,E9288,Accident NEC,5
599,59969,Urinary obstruction NEC,5
907,9070,Lt eff intracranial inj,5
788,78839,Oth urinry incontinence,5
414,41412,Dissection cor artery,5
607,60784,"Impotence, organic orign",5
801,80126,Cl skul base fx-coma NOS,5
998,99889,Oth spcf cmplc procd NEC,5
277,27788,Tumor lysis syndrome,5
447,4476,Arteritis NOS,5
008,00869,Other viral intes infec,5
162,1629,Mal neo bronch/lung NOS,5
V42,V4283,Trnspl status-pancreas,5
E95,E9504,Poison-drug/medicin NEC,5
426,4264,Rt bundle branch block,5
438,43883,Facial weakness,5
E95,E9503,Poison-psychotropic agt,5
305,30551,Opioid abuse-continuous,5
E84,E8498,Accident in place NEC,5
305,30550,Opioid abuse-unspec,5
250,25001,DMI wo cmp nt st uncntrl,5
E93,E9393,Adv eff antipsychotc NEC,5
250,25013,DMI ketoacd uncontrold,5
E84,E8495,Accid on street/highway,5
E88,E8810,Fall from ladder,5
521,52100,Dental caries NOS,5
786,7866,Chest swelling/mass/lump,5
E93,E9398,Adv eff psychotropic NEC,5
344,34461,Neurogenic bladder,5
153,1534,Malignant neoplasm cecum,5
996,99678,Comp-oth int ortho devic,5
438,43882,Late ef CV dis dysphagia,5
588,5881,Nephrogen diabetes insip,5
197,1973,Sec malig neo resp NEC,5
519,51902,Tracheostomy - mech comp,5
575,57510,Cholecystitis NOS,5
296,29689,Bipolar disorder NEC,5
753,75312,Polycystic kidney NOS,5
V09,V0981,Inf mcrg rstn oth drg ml,5
722,72252,Lumb/lumbosac disc degen,5
860,8602,Traum hemothorax-closed,5
530,5304,Perforation of esophagus,5
801,80122,Cl skul base fx/brf coma,5
V49,V4972,Status amput othr toe(s),5
965,9654,Pois-arom analgesics NEC,5
357,35781,Chr inflam polyneuritis,5
493,49392,Asthma NOS w (ac) exac,5
530,53010,"Esophagitis, unspecified",5
535,53560,Duodenitis w/o hmrhg,5
910,9100,Abrasion head,5
041,04189,Oth specf bacteria,5
786,7868,Hiccough,5
426,42613,Av block-2nd degree NEC,4
682,6824,Cellulitis of hand,4
250,25090,DMII unspf nt st uncntrl,4
304,30420,Cocaine depend-unspec,4
455,4552,Int hemrrhoid w comp NEC,4
730,73028,Osteomyelit NOS-oth site,4
E93,E9310,Adv eff sulfonamides,4
429,42989,Ill-defined hrt dis NEC,4
333,33399,Extrapyramidal dis NEC,4
484,4846,Pneum in aspergillosis,4
723,7230,Cervical spinal stenosis,4
E81,E8121,Mv collision NOS-pasngr,4
868,86804,Retroperitoneum inj-cl,4
805,80502,Fx c2 vertebra-closed,4
852,85202,Subarach hem-brief coma,4
366,3669,Cataract NOS,4
784,78451,Dysarthria,4
999,9992,Vasc comp med care NEC,4
791,7919,Abn urine findings NEC,4
E88,E8849,Fall-1 level to oth NEC,4
V10,V1000,Hx of GI malignancy NOS,4
410,41021,"AMI inferolateral, init",4
298,2989,Psychosis NOS,4
E87,E8783,Abn react-external stoma,4
252,25200,Hyperparathyroidism NOS,4
786,7861,Stridor,4
437,4379,Cerebrovasc disease NOS,4
781,7813,Lack of coordination,4
426,42611,Atriovent block-1st degr,4
416,4162,Chr pulmonary embolism,4
053,0539,Herpes zoster NOS,4
729,72973,Nontrauma comp syn-abd,4
812,81201,Fx surg nck humerus-clos,4
E93,E9309,Adv eff antibiotic NOS,4
238,2384,Polycythemia vera,4
191,1912,Mal neo temporal lobe,4
277,27739,Amyloidosis NEC,4
403,40300,Mal hy kid w cr kid I-IV,4
907,9072,Late eff spinal cord inj,4
290,29041,Vasc dementia w delirium,4
250,25070,DMII circ nt st uncntrld,4
788,78831,Urge incontinence,4
151,1510,Mal neo stomach cardia,4
V12,V1253,Hx sudden cardiac arrest,4
596,5961,Intestinovesical fistula,4
V85,V8543,"BMI 50.0-59.9, adult",4
250,25052,DMII ophth uncntrld,4
110,1103,Dermatophytosis of groin,4
250,25082,DMII oth uncntrld,4
860,8604,Traum pneumohemothor-cl,4
182,1820,Malig neo corpus uteri,4
996,99669,React-int pros devic NEC,4
958,9588,Early complic trauma NEC,4
807,80704,Fracture four ribs-close,4
553,55320,Ventral hernia NOS,4
483,4838,Pneumon oth spec orgnsm,4
372,37230,Conjunctivitis NOS,4
357,3575,Alcoholic polyneuropathy,4
807,80706,Fracture six ribs-closed,4
112,11284,Candidal esophagitis,4
459,4599,Circulatory disease NOS,4
E92,E9293,Late eff accidental fall,4
379,37941,Anisocoria,4
620,6202,Ovarian cyst NEC/NOS,4
214,2148,Lipoma NEC,4
722,72210,Lumbar disc displacement,4
511,5111,Bact pleur/effus not TB,4
805,80507,Fx c7 vertebra-closed,4
569,56949,Rectal & anal dis NEC,4
V85,V8542,"BMI 45.0-49.9, adult",4
V85,V8531,"BMI 31.0-31.9,adult",4
V09,V0991,Infc mcrg drgrst mult,4
183,1830,Malign neopl ovary,4
868,86803,Peritoneum injury-closed,4
E87,E8706,Acc cut/hem w heart cath,4
438,43813,Late eff CV-dysarthria,4
V15,V1584,Hx-contct/expos asbestos,4
455,4550,Int hemorrhoid w/o compl,4
573,5733,Hepatitis NOS,4
821,82121,Fx femoral condyle-close,4
444,44489,Arterial embolism NEC,4
847,8479,Sprain of back NOS,4
410,41091,"AMI NOS, initial",4
E94,E9421,Adv eff cardiotonics,4
786,78606,Tachypnea,4
459,4590,Hemorrhage NOS,4
781,78199,Nerve/musculskel sym NEC,4
410,41001,"AMI anterolateral, init",4
426,42682,Long QT syndrome,4
572,5720,Abscess of liver,4
807,80703,Fracture three ribs-clos,4
780,78079,Malaise and fatigue NEC,4
510,5100,Empyema with fistula,4
780,78062,Postprocedural fever,4
969,9694,Pois-benzodiazepine tran,4
E94,E9413,Adv eff sympatholytics,4
807,8074,Flail chest,4
204,20412,Chr lymp leuk in relapse,4
303,30301,Ac alcohol intox-contin,4
781,7810,Abn involun movement NEC,4
808,8082,Fracture of pubis-closed,4
070,07030,Hpt B acte wo cm wo dlta,4
737,73730,Idiopathic scoliosis,4
E88,E8830,Diving accident,4
826,8260,"Fx phalanx, foot-closed",4
695,69581,Ritter's disease,4
V44,V446,Urinostomy status NEC,4
410,41092,"AMI NOS, subsequent",4
713,7135,Arthropathy w nerve dis,4
V16,V160,Family hx-gi malignancy,4
780,78093,Memory loss,4
279,27952,Chronc graft-vs-host dis,4
730,73017,Chr osteomyelit-ankle,4
733,73382,Nonunion of fracture,4
562,56213,Dvrtcli colon w hmrhg,4
453,45375,Ch emblsm subclav veins,4
882,8820,Open wound of hand,4
577,5778,Pancreatic disease NEC,4
722,72293,Disc dis NEC/NOS-lumbar,4
453,4536,Embl suprfcl ves low ext,4
378,37887,"Skew deviation, eye",4
996,99688,Comp tp organ-stem cell,4
333,33392,Neuroleptic malgnt synd,4
726,72610,Rotator cuff synd NOS,4
253,2535,Diabetes insipidus,4
454,4549,Asympt varicose veins,4
241,2410,Nontox uninodular goiter,4
863,8630,Stomach injury-closed,4
V42,V427,Liver transplant status,4
608,60883,Male gen vascul dis NEC,4
368,36846,Homonymous hemianopsia,4
780,7801,Hallucinations,4
595,59582,Irradiation cystitis,4
252,25201,Primary hyperparathyroid,4
583,58389,Nephritis NEC,4
682,6821,Cellulitis of neck,4
564,56489,Funct dis intestine NEC,4
921,9212,Contusion orbital tissue,4
291,2910,Delirium tremens,4
466,4660,Acute bronchitis,4
806,80600,C1-c4 fx-cl/cord inj NOS,4
852,85206,Subarach hem-coma NOS,4
V45,V4577,Acq absnce genital organ,4
300,3003,Obsessive-compulsive dis,4
873,87364,Opn wnd tongue/mouth flr,4
786,78604,Cheyne-stokes respiratn,4
852,85200,Traum subarachnoid hem,4
573,5730,Chr passiv congest liver,4
519,51909,Tracheostomy comp NEC,4
824,8242,Fx lateral malleolus-cl,4
440,44022,Ath ext ntv at w rst pn,4
V46,V463,Wheelchair dependence,4
801,80171,Opn skl base fx w/o coma,4
296,29690,Episodic mood disord NOS,4
813,81342,Fx distal radius NEC-cl,4
E81,E8150,Mv coll w oth obj-driver,4
720,7209,Inflam spondylopathy NOS,4
342,34292,Unsp hmiplga nondmnt sde,4
290,2900,Senile dementia uncomp,4
567,5679,Peritonitis NOS,4
780,7804,Dizziness and giddiness,4
794,79431,Abnorm electrocardiogram,3
569,56941,Rectal & anal ulcer,3
536,53649,Gastrostomy comp NEC,3
585,5855,Chron kidney dis stage V,3
426,42689,Conduction disorder NEC,3
963,9630,Pois-antiallrg/antiemet,3
696,6960,Psoriatic arthropathy,3
149,1490,Mal neo pharynx NOS,3
245,2452,Chr lymphocyt thyroidit,3
269,2690,Deficiency of vitamin k,3
262,262,Oth severe malnutrition,3
V12,V1279,Prsnl hst ot spf dgst ds,3
291,2912,Alcohol persist dementia,3
295,29572,Schizoaffective dis-chr,3
555,5551,"Reg enteritis, lg intest",3
801,80101,Cl skul base fx w/o coma,3
V44,V444,Enterostomy status NEC,3
414,41410,Aneurysm of heart,3
567,56781,Choleperitonitis,3
560,56089,Intestinal obstruct NEC,3
934,9348,FB trach/bronch/lung NEC,3
V13,V1351,Hx pathological fracture,3
V55,V553,Atten to colostomy,3
574,57401,Cholelith/ac gb inf-obst,3
851,85180,Brain laceration NEC,3
309,30928,Adjust dis w anxiety/dep,3
435,4359,Trans cereb ischemia NOS,3
723,7231,Cervicalgia,3
864,86402,"Liver laceration, minor",3
991,9916,Hypothermia,3
336,3369,Spinal cord disease NOS,3
719,71946,Joint pain-l/leg,3
079,07999,Viral infection NOS,3
823,82300,Fx upper end tibia-close,3
805,80506,Fx c6 vertebra-closed,3
197,1975,Sec malig neo lg bowel,3
806,80620,T1-t6 fx-cl/cord inj NOS,3
403,40311,Ben hyp kid w cr kid V,3
794,7948,Abn liver function study,3
429,4295,Chordae tendinae rupture,3
494,4941,Bronchiectasis w ac exac,3
V15,V151,Hx-major cardiovasc surg,3
715,71535,Loc osteoarth NOS-pelvis,3
434,43490,Crbl art oc NOS wo infrc,3
305,30562,Cocaine abuse-episodic,3
338,33812,Acute post-thoracot pain,3
461,4619,Acute sinusitis NOS,3
785,78550,Shock NOS,3
336,3361,Vascular myelopathies,3
296,29624,Depr psychos-sev w psych,3
441,44103,Dsct of thoracoabd aorta,3
200,20020,Brkt tmr unsp xtrndl org,3
317,317,Mild intellect disabilty,3
031,0310,Pulmonary mycobacteria,3
272,2721,Pure hyperglyceridemia,3
810,81002,Fx clavicle shaft-closed,3
401,4010,Malignant hypertension,3
443,4430,Raynaud's syndrome,3
V43,V430,Eye replacement NEC,3
799,7991,Respiratory arrest,3
250,25003,DMI wo cmp uncntrld,3
275,27549,Dis calcium metablsm NEC,3
780,78065,Hypothrm-wo low env tmp,3
560,56039,Impaction intestine NEC,3
415,41512,Septic pulmonary embolsm,3
806,80603,C1-c4 fx-cl/cen cord syn,3
820,8208,Fx neck of femur NOS-cl,3
V10,V1009,Hx of GI malignancy NEC,3
442,44284,Visceral aneurysm NEC,3
453,4532,Oth inf vena cava thromb,3
438,43812,Late eff CV dis-dysphsia,3
720,7200,Ankylosing spondylitis,3
449,449,Septic arterial embolism,3
724,7243,Sciatica,3
289,28989,Blood diseases NEC,3
197,1971,Sec mal neo mediastinum,3
V54,V5489,Orthopedic aftercare NEC,3
512,5120,Spont tens pneumothorax,3
198,19882,Second malig neo genital,3
851,85182,Brain lac NEC-brief coma,3
569,56984,Angio intes w/o hmrhg,3
969,9693,Poison-antipsychotic NEC,3
V14,V140,Hx-penicillin allergy,3
350,3509,Trigeminal nerve dis NOS,3
V53,V5391,Fit/adjust insulin pump,3
608,6084,Male gen inflam dis NEC,3
372,37272,Conjunctival hemorrhage,3
891,8910,Open wnd knee/leg/ankle,3
428,42840,Syst/diast hrt fail NOS,3
V55,V551,Atten to gastrostomy,3
724,72401,Spinal stenosis-thoracic,3
459,45989,Circulatory disease NEC,3
202,20283,Lymphomas NEC abdom,3
E93,E9323,Adv eff insulin/antidiab,3
251,2511,Oth spcf hypoglycemia,3
698,6989,Pruritic disorder NOS,3
719,7197,Difficulty in walking,3
295,29560,Schizophr dis resid NOS,3
442,4422,Iliac artery aneurysm,3
492,4920,Emphysematous bleb,3
V10,V1021,Hx-laryngeal malignancy,3
285,2853,Anemia d/t antineo chemo,3
746,7464,Cong aorta valv insuffic,3
227,2271,Benign neo parathyroid,3
722,72273,Lumb disc dis w myelopat,3
627,6271,Postmenopausal bleeding,3
811,81100,Fx scapula NOS-closed,3
386,38611,Benign parxysmal vertigo,3
518,51852,Ot pul insuf fol trm/srg,3
588,58881,Sec hyperparathyrd-renal,3
305,30520,Cannabis abuse-unspec,3
723,7234,Brachial neuritis NOS,3
918,9181,Superficial inj cornea,3
433,43320,Ocl vrtb art wo infrct,3
351,3519,Facial nerve dis NOS,3
288,2888,Wbc disease NEC,3
304,30470,Opioid/other dep-unspec,3
296,2967,Bipolor I current NOS,3
873,87365,Open wound of palate,3
455,4553,Ext hemorrhoid w/o compl,3
378,37850,Paralytic strabismus NOS,3
428,42841,Ac syst/diastol hrt fail,3
590,59080,Pyelonephritis NOS,3
995,99594,SIRS-noninf w ac org dys,3
807,80702,Fracture two ribs-closed,3
053,05319,H zoster nerv syst NEC,3
805,80505,Fx c5 vertebra-closed,3
535,53551,Gstr/ddnts NOS w hmrhg,3
722,7224,Cervical disc degen,3
154,1541,Malignant neopl rectum,3
309,3099,Adjustment reaction NOS,3
199,1991,Malignant neoplasm NOS,3
V45,V4576,Acq absence of lung,3
319,319,Intellect disability NOS,3
507,5078,Solid/liq pneumonit NEC,3
305,30563,Cocaine abuse-in remiss,3
478,47831,Vocal paral unilat part,3
569,56985,Angio intes w hmrhg,3
441,4417,Thracabd anurysm wo rupt,3
722,72291,Disc dis NEC/NOS-cerv,3
135,135,Sarcoidosis,3
997,99762,Infection amputat stump,3
427,42769,Premature beats NEC,3
357,3573,Neuropathy in malig dis,3
560,5602,Volvulus of intestine,3
444,44421,Upper extremity embolism,3
211,2112,Benign neoplasm sm bowel,3
358,35800,Mysthna grvs w/o ac exac,3
789,78909,Abdmnal pain oth spcf st,3
607,60782,"Vascular disorder, penis",3
709,70901,Vitiligo,3
309,30924,Adjustment dis w anxiety,3
996,99642,Dislocate prosthetic jt,3
322,3220,Nonpyogenic meningitis,3
711,71101,Pyogen arthritis-shlder,3
396,3968,Mitr/aortic mult involv,3
789,78900,Abdmnal pain unspcf site,3
V10,V1002,Hx-oral/pharynx malg NEC,3
519,5192,Mediastinitis,3
345,34541,Psymotr epil w intr epil,3
047,0479,Viral meningitis NOS,3
250,25022,DMII hprosmlr uncontrold,3
153,1536,Malig neo ascend colon,3
806,80601,C1-c4 fx-cl/com cord les,3
585,5852,Chro kidney dis stage II,3
786,78650,Chest pain NOS,3
868,86801,Adrenal gland injury-cl,3
283,2830,Autoimmun hemolytic anem,3
E94,E9424,Adv eff coronary vasodil,3
196,1963,Mal neo lymph-axilla/arm,3
704,7048,Hair diseases NEC,3
604,60490,Orchitis/epididymit NOS,3
569,56989,Intestinal disorders NEC,3
572,5728,"Oth sequela, chr liv dis",3
569,56982,Ulceration of intestine,3
457,4578,Noninfect lymph dis NEC,3
731,7310,Osteitis deformans NOS,3
998,99809,"Postop shock, other",3
788,78821,Incmplet bldder emptying,3
593,5932,"Cyst of kidney, acquired",3
997,99779,Vascular comp vessel NEC,3
722,72271,Cerv disc dis w myelopat,3
250,25020,DMII hprsm nt st uncntrl,3
296,29630,Recurr depr psychos-unsp,3
E87,E8799,Abn react-procedure NOS,3
314,31400,Attn defic nonhyperact,3
V10,V1043,Hx of ovarian malignancy,3
242,24291,Thyrotox NOS w crisis,3
453,45383,Ac emblsm up ext NOS,3
V45,V4585,Insulin pump status,3
922,92232,Buttock contusion,3
577,5779,Pancreatic disease NOS,3
575,5758,Dis of gallbladder NEC,3
461,4618,Other acute sinusitis,3
785,7854,Gangrene,3
873,87343,Open wound of lip,3
879,8798,Open wound site NOS,3
437,4373,Nonrupt cerebral aneurym,3
787,7873,Flatul/eructat/gas pain,3
438,43822,Late ef-hemiplga non-dom,3
338,3384,Chronic pain syndrome,3
851,85140,Cerebel/brain stm contus,2
171,1710,Mal neo soft tissue head,2
355,35571,Causalgia lower limb,2
300,30002,Generalized anxiety dis,2
279,27906,Common variabl immunodef,2
698,6983,Lichenification,2
299,29980,Pervasv dev dis-cur NEC,2
786,78603,Apnea,2
574,57490,Gall&bil cal w/o cho w/o,2
323,3239,Encephalitis NOS,2
721,7212,Thoracic spondylosis,2
537,53783,Angio stm/dudn w hmrhg,2
E00,E0010,"Walking,marching,hiking",2
824,8240,Fx medial malleolus-clos,2
516,5168,Alveol pneumonopathy NEC,2
806,80629,T7-t12 fx-cl/crd inj NEC,2
396,3960,Mitral/aortic stenosis,2
366,3668,Cataract NEC,2
E90,E9060,Dog bite,2
682,6820,Cellulitis of face,2
746,7469,Cong heart anomaly NOS,2
471,4718,Nasal sinus polyp NEC,2
705,7051,Prickly heat,2
E94,E9401,Adv eff opiat antagonist,2
305,30541,"Sed,hyp,anxiolytc ab-con",2
375,37556,Acq nasolacrml stenosis,2
354,3540,Carpal tunnel syndrome,2
338,33819,Acute pain NEC,2
E91,E9174,Stat ob w/o sub fall NEC,2
195,1950,Mal neo head/face/neck,2
196,1968,Mal neo lymph node-mult,2
482,48284,Legionnaires' disease,2
368,36816,Psychophysic visual dist,2
599,59960,Urinary obstruction NOS,2
588,58889,Impair ren funct dis NEC,2
922,9221,Contusion of chest wall,2
716,71693,Arthropathy NOS-forearm,2
810,81000,Fx clavicle NOS-closed,2
342,34210,Spstc hmiplga unspf side,2
793,79319,Ot nonsp ab fnd lung fld,2
796,7963,Low blood press reading,2
518,5183,Pulmonary eosinophilia,2
174,1748,Malign neopl breast NEC,2
867,8672,Ureter injury-closed,2
112,1129,Candidiasis site NOS,2
881,88110,Open wound forearm-compl,2
813,81323,Fx shaft rad w ulna-clos,2
130,1307,Toxoplasmosis site NEC,2
209,20969,Bengn carcinoid oth site,2
284,28489,Aplastic anemias NEC,2
531,53150,Chr stomach ulcer w perf,2
719,71943,Joint pain-forearm,2
295,29592,Schizophrenia NOS-chr,2
958,9587,Traum subcutan emphysema,2
942,94224,2nd deg burn back,2
V49,V4976,Status amput above knee,2
249,24901,Sec DM wo comp uncontrld,2
355,3559,Mononeuritis NOS,2
596,59651,Hypertonicity of bladder,2
E93,E9358,Adv eff analgesics NEC,2
789,78951,Malignant ascites,2
E96,E9689,Assault NOS,2
151,1518,Malig neopl stomach NEC,2
136,1363,Pneumocystosis,2
453,45385,Ac embl subclav veins,2
793,79311,Solitary pulmonry nodule,2
491,49122,Obs chr bronc w ac bronc,2
438,4380,Late ef CV dis-cognf def,2
288,28804,Neutropenia d/t infectn,2
595,5959,Cystitis NOS,2
569,56944,Dysplasia of anus,2
V85,V8524,"BMI 28.0-28.9,adult",2
429,4293,Cardiomegaly,2
558,5581,Radiation gastroenterit,2
443,44324,Dissect vertebral artery,2
718,71891,Jt derangment NOS-shlder,2
291,2911,Alcohol amnestic disordr,2
571,57140,Chronic hepatitis NOS,2
304,30423,Cocaine depend-remiss,2
455,4558,Hemrrhoid NOS w comp NEC,2
342,34291,Unsp hemiplga domnt side,2
304,30421,Cocaine depend-contin,2
432,4329,Intracranial hemorr NOS,2
719,71918,Hemarthrosis-jt NEC,2
788,78899,Oth symptm urinary systm,2
V58,V5862,Long-term use antibiotic,2
530,5305,Dyskinesia of esophagus,2
923,92303,Contusion of upper arm,2
997,99799,Surg compl-body syst NEC,2
537,53782,Angio stm/dudn w/o hmrhg,2
438,43850,Lt ef oth paral side NOS,2
803,80321,Cl skull fx NEC w/o coma,2
E94,E9445,Adv eff electrolyte agnt,2
845,84500,Sprain of ankle NOS,2
273,2739,Dis plas protein met NOS,2
253,2532,Panhypopituitarism,2
345,34550,Part epil w/o intr epil,2
E88,E887,"Fracture, cause NOS",2
608,60889,Male genital dis NEC,2
V15,V1541,Hx of physical abuse,2
456,4568,Varices of other sites,2
300,30089,Somatoform disorders NEC,2
041,04184,Other anaerobes,2
998,99801,"Postop shock,cardiogenic",2
730,73005,Ac osteomyelitis-pelvis,2
320,3202,Streptococcal meningitis,2
E84,E8499,Accident in place NOS,2
821,82123,Supracondyl fx femur-cl,2
414,4149,Chr ischemic hrt dis NOS,2
730,73015,Chr osteomyelit-pelvis,2
478,47832,Vocal paral unilat total,2
550,55000,Unilat ing hernia w gang,2
V14,V145,Hx-narcotic allergy,2
715,71531,Loc osteoarth NOS-shlder,2
560,5600,Intussusception,2
703,7038,Diseases of nail NEC,2
695,6953,Rosacea,2
825,82521,Fx astragalus-closed,2
806,80605,C5-c7 fx-cl/cord inj NOS,2
E88,E8846,Fall from commode,2
780,78059,Sleep disturbances NEC,2
443,44389,Periph vascular dis NEC,2
295,29530,Paranoid schizo-unspec,2
852,85226,Subdural hemorr-coma NOS,2
110,1104,Dermatophytosis of foot,2
E85,E8532,Acc poisn-benzdiaz tranq,2
424,42490,Endocarditis NOS,2
054,05479,H simplex complicat NEC,2
801,80116,Cl skul base fx-coma NOS,2
462,462,Acute pharyngitis,2
372,37273,Conjunctival edema,2
585,5851,Chro kidney dis stage I,2
741,74190,Spina bifida,2
349,3492,Disorder of meninges NEC,2
191,1911,Malig neo frontal lobe,2
293,2939,Transient mental dis NOS,2
695,6959,Erythematous cond NOS,2
279,27900,Hypogammaglobulinem NOS,2
303,30300,Ac alcohol intox-unspec,2
737,73710,Kyphosis NOS,2
191,1910,Malign neopl cerebrum,2
355,3550,Sciatic nerve lesion,2
293,29382,Psy dis w halluc oth dis,2
354,3542,Ulnar nerve lesion,2
348,3489,Brain condition NOS,2
E81,E8122,Mv collis NOS-motorcycl,2
255,2550,Cushing's syndrome,2
305,30591,Drug abuse NEC-contin,2
337,3379,Autonomic nerve dis NEC,2
242,24290,Thyrotox NOS no crisis,2
704,70400,Alopecia NOS,2
477,4778,Allergic rhinitis NEC,2
437,4378,Cerebrovasc disease NEC,2
032,0329,Diphtheria NOS,2
801,80112,Cl skul base fx-brf coma,2
715,71509,General osteoarthrosis,2
590,59000,Chr pyelonephritis NOS,2
795,79539,Nonsp positive cult NEC,2
070,0701,Hepatitis A w/o coma,2
427,4272,Parox tachycardia NOS,2
851,85101,Cortex contusion-no coma,2
271,2713,Disaccharidase def/malab,2
518,5187,Transfsn rel ac lung inj,2
E93,E9347,Adv eff blood products,2
277,27730,Amyloidosis NOS,2
916,9160,Abrasion hip & leg,2
438,43884,Ataxia,2
V64,V6442,Thoracoscop conv to open,2
453,45384,Ac emblsm axillary veins,2
493,49300,Extrinsic asthma NOS,2
511,5110,Pleurisy w/o effus or TB,2
295,29562,Schizophr dis resid-chr,2
365,36511,Prim open angle glaucoma,2
365,36570,Glaucoma stage NOS,2
E91,E9173,Furnit w/o sub fall,2
715,71595,Osteoarthros NOS-pelvis,2
276,27661,Transfsn w circ overload,2
525,5258,Dental disorder NEC,2
790,79094,Euthyroid sick syndrome,2
537,5370,Acq pyloric stenosis,2
540,5400,Ac append w peritonitis,2
E93,E9348,Adv eff blood agent NEC,2
375,37515,Tear film insuffic NOS,2
V15,V1552,Hx traumatc brain injury,2
141,1410,Mal neo tongue base,2
V85,V8533,"BMI 33.0-33.9,adult",2
789,78901,Abdmnal pain rt upr quad,2
850,8505,Concussion w coma NOS,2
301,30183,Borderline personality,2
V16,V163,Family hx-breast malig,2
801,80121,Cl skul base fx w/o coma,2
246,2469,Disorder of thyroid NOS,2
146,1460,Malignant neopl tonsil,2
289,28982,Sec hypercoagulable st,2
522,5224,Ac apical periodontitis,2
443,44381,Angiopathy in other dis,2
348,34889,Brain conditions NEC,2
747,74781,Cerebrovascular anomaly,2
426,42610,Atriovent block NOS,2
924,92411,Contusion of knee,2
283,28319,Oth nonauto hem anemia,2
596,5967,Bladder wall hemorrhage,2
538,538,GI mucositis (ulceratve),2
596,5966,"Bladder rupt, nontraum",2
E81,E8161,Loss control mv acc-psgr,2
V10,V1044,Hx-female genit malg NEC,2
753,7533,Kidney anomaly NEC,2
465,4659,Acute uri NOS,2
715,71598,Osteoarthro NOS-oth site,2
580,5809,Acute nephritis NOS,2
312,3129,Conduct disturbance NOS,2
410,41081,"AMI NEC, initial",2
807,80707,Fracture seven ribs-clos,2
851,85102,Cortex contus-brief coma,2
823,82332,Fx shaft tibia w fib-opn,2
808,8083,Fracture of pubis-open,2
733,73342,Aseptic necrosis femur,2
565,5650,Anal fissure,2
536,5362,Persistent vomiting,2
150,1508,Mal neo esophagus NEC,2
556,5566,Univrsl ulcertve colitis,2
031,0312,DMAC bacteremia,2
423,4230,Hemopericardium,2
305,30540,"Sed,hyp,anxiolytc ab-NOS",2
824,8245,Fx bimalleolar-open,2
227,2270,Benign neoplasm adrenal,2
440,44031,Ath ext autologs bps gft,2
482,48239,Pneumonia oth strep,2
958,95892,Trauma comp synd low ext,2
V71,V714,Observ-accident NEC,2
278,2781,Localized adiposity,2
295,29532,Paranoid schizo-chronic,2
255,2555,Adrenal hypofunction NEC,2
535,53561,Duodenitis w hmrhg,2
V45,V4574,Acq absence urinary trct,2
372,37200,Acute conjunctivitis NOS,2
198,1980,Second malig neo kidney,2
333,3332,Myoclonus,2
552,5529,"Hernia, site NOS w obstr",2
825,82525,Fx metatarsal-closed,2
362,36284,Retinal ischemia,2
712,71236,Chondrocalcin NOS-l/leg,2
E85,E8504,Acc poison-arom analgesc,2
996,99671,Comp-heart valve prosth,2
411,41181,Acute cor occlsn w/o MI,2
719,71986,Joint dis NEC-l/leg,2
250,25081,DMI oth nt st uncntrld,2
799,7993,Debility NOS,2
205,20510,Ch myl leuk wo achv rmsn,2
808,80841,Fracture of ilium-closed,2
528,5283,Cellulitis/abscess mouth,2
701,7012,Acq acanthosis nigricans,2
569,56962,Colosty/enter comp-mech,2
782,7828,Changes in skin texture,2
813,81341,Colles' fracture-closed,2
566,566,Anal & rectal abscess,2
718,71895,Jt derangment NOS-pelvis,2
718,71846,Jt contracture-l/leg,2
812,81221,Fx humerus shaft-closed,2
866,86602,Kidney laceration-closed,2
211,2111,Benign neoplasm stomach,2
805,80504,Fx c4 vertebra-closed,2
V58,V5812,Immunotherapy encounter,2
864,86405,Liver lacerat unspcf cls,2
V17,V1749,Fam hx-cardiovas dis NEC,2
965,96502,Poisoning-methadone,2
482,48281,Pneumonia anaerobes,2
592,5921,Calculus of ureter,2
310,3102,Postconcussion syndrome,2
786,78630,Hemoptysis NOS,2
753,75310,Cystic kidney diseas NOS,2
394,3941,Rheumatic mitral insuff,2
E85,E8583,Acc poisn-cardiovasc agt,2
574,57431,Choledochlith/ac gb-obst,2
972,9721,Poisoning-cardiotonics,2
575,57511,Chronic cholecystitis,2
209,20920,Mal crcnd prim site unkn,2
244,2443,Iatrogen hypothyroid NEC,2
V53,V5339,Ftng oth cardiac device,2
682,6825,Cellulitis of buttock,2
729,72981,Swelling of limb,2
277,2779,Metabolism disorder NOS,2
482,48289,Pneumonia oth spcf bact,2
320,3201,Pneumococcal meningitis,2
576,5764,Fistula of bile duct,2
793,7935,Nonsp abn find-gu organs,2
747,74721,Anomalies of aortic arch,2
573,5734,Hepatic infarction,2
438,43840,Lte ef-mplga low lmb NOS,2
E85,E8501,Acc poison-methadone,2
331,33183,Mild cognitive impairemt,2
831,83101,Ant disloc humerus-close,2
070,07051,Hpt C acute wo hpat coma,2
581,5819,Nephrotic syndrome NOS,2
230,2302,Ca in situ stomach,2
198,1986,Second malig neo ovary,2
054,05410,Genital herpes NOS,2
484,4841,Pneum w cytomeg incl dis,2
537,5373,Duodenal obstruction NEC,2
574,57441,Choledochlith/gb NEC-obs,2
530,5307,Mallory-weiss syndrome,2
E85,E8543,Acc poison-cns stimulant,2
924,92400,Contusion of thigh,2
996,99679,Comp-int prost devic NEC,2
370,37000,Corneal ulcer NOS,2
V18,V180,Fam hx-diabetes mellitus,2
320,3203,Staphylococc meningitis,2
806,80625,T7-t12 fx-cl/crd inj NOS,2
E84,E8493,Acc on industr premises,2
112,1124,Candidiasis of lung,2
531,53100,Ac stomach ulcer w hem,2
726,72633,Olecranon bursitis,2
881,88111,Open wound elbow-complic,2
530,53020,Ulc esophagus w/o bleed,2
482,48249,Staph pneumonia NEC,2
453,45340,Ac DVT/embl low ext NOS,2
295,29574,Schizoafftv dis-chr/exac,2
263,2638,Protein-cal malnutr NEC,2
730,73025,Osteomyelitis NOS-pelvis,2
995,9950,Other anaphylactic react,2
806,8064,Cl lumbar fx w cord inj,2
599,5994,Urethral false passage,2
344,34489,Oth spcf paralytic synd,2
273,2730,Polyclon hypergammaglobu,2
333,3330,Degen basal ganglia NEC,2
410,41031,"AMI inferopost, initial",2
705,70583,Hidradenitis,2
374,37430,Ptosis of eyelid NOS,2
E87,E8744,Instrmnt fail-catheteriz,2
953,9534,Brachial plexus injury,2
283,2839,Acq hemolytic anemia NOS,2
153,1537,Mal neo splenic flexure,2
041,04100,Streptococcus unspecf,2
523,52340,Chronc periodontitis NOS,2
919,9190,Abrasion NEC,2
852,85222,Subdural hem-brief coma,2
V12,V1203,Personal histry malaria,2
737,73741,Kyphosis in oth dis,2
485,485,Bronchopneumonia org NOS,2
V12,V1209,Prsnl hst oth nfct parst,2
890,8900,Open wound of hip/thigh,2
701,7011,"Keratoderma, acquired",2
862,86229,Intrathoracic inj NEC-cl,2
301,3010,Paranoid personality,2
518,5181,Interstitial emphysema,2
305,30502,Alcohol abuse-episodic,2
273,2733,Macroglobulinemia,2
759,75989,Specfied cong anomal NEC,2
429,42979,Other sequelae of MI NEC,2
873,87320,Open wound of nose NOS,2
V02,V023,GI pathogen carrier NEC,2
442,44281,Aneurysm of neck,2
410,41032,"AMI inferopost, subseq",2
574,57450,Choledocholithiasis NOS,2
719,71901,Joint effusion-shlder,2
950,9509,Inj optic nerv/path NOS,2
484,4847,Pneum in oth sys mycoses,2
368,3688,Visual disturbances NEC,2
041,04101,Streptococcus group a,2
789,78904,Abdmnal pain lt lwr quad,2
790,79099,Oth nspcf finding blood,2
593,5934,Ureteric obstruction NEC,2
345,34500,Gen noncv ep w/o intr ep,2
555,5552,Reg enterit sm/lg intest,2
E94,E9443,Adv eff saluretics,2
079,07989,Oth specf viral infectn,2
820,82003,Fx base femoral nck-clos,2
157,1578,Malig neo pancreas NEC,2
301,30120,Schizoid personality NOS,2
714,71430,Juv rheum arthritis NOS,2
881,88101,Open wound of elbow,2
202,20200,Ndlr lym unsp xtrndl org,2
446,4465,Giant cell arteritis,1
202,20240,Lk rtctl unsp xtrndl org,1
451,4510,Superfic phlebitis-leg,1
569,5692,Rectal & anal stenosis,1
825,82523,Fx cuboid-closed,1
825,8250,Fracture calcaneus-close,1
730,73026,Osteomyelitis NOS-l/leg,1
410,41090,"AMI NOS, unspecified",1
244,2442,Iodine hypothyroidism,1
255,2558,Adrenal disorder NEC,1
605,605,Redun prepuce & phimosis,1
372,37275,Conjunctival cysts,1
618,6181,Uterine prolapse,1
733,73399,Bone & cartilage dis NEC,1
V85,V8530,"BMI 30.0-30.9,adult",1
132,1320,Pediculus capitis,1
447,44773,Thoracoabd aortc ectasia,1
908,9089,Late effect injury NOS,1
362,36234,Transient arterial occlu,1
447,4474,Celiac art compress syn,1
702,7020,Actinic keratosis,1
404,40491,Hyp ht/kd NOS I-IV w hf,1
864,86403,"Liver laceration, mod",1
865,86502,Spleen capsular tear,1
535,53500,Acute gastrtis w/o hmrhg,1
863,86389,GI injury NEC-closed,1
733,73309,Osteoporosis NEC,1
839,83904,Disloc 4th cerv vert-cl,1
530,53089,Other dsrders esophagus,1
535,53510,Atrph gastrtis w/o hmrhg,1
569,5691,Rectal prolapse,1
719,71903,Joint effusion-forearm,1
338,33821,Chronc pain d/t trauma,1
375,37501,Acute dacryoadenitis,1
305,30522,Cannabis abuse-episodic,1
097,0971,Latent syphilis NOS,1
E93,E9306,Adv eff antmycob antbiot,1
873,87341,Open wound of cheek,1
508,5081,Chr pul manif d/t radiat,1
527,5279,Salivary gland dis NOS,1
379,37991,Pain in or around eye,1
147,1479,Mal neo nasopharynx NOS,1
E94,E9455,Adv eff expectorants,1
567,56782,Sclerosing mesenteritis,1
911,9110,Abrasion trunk,1
804,80422,Cl skl w oth fx-brf coma,1
372,37239,Conjunctivitis NEC,1
831,83104,Disloc acromioclavic-cl,1
808,8089,Pelvic fracture NOS-open,1
805,80503,Fx c3 vertebra-closed,1
812,81220,Fx humerus NOS-closed,1
733,73311,Path fx humerus,1
802,80228,Fx mandible body NEC-cl,1
800,80022,Cl skull vlt fx-brf coma,1
782,7822,Local suprficial swellng,1
275,27509,Disord iron metablsm NEC,1
242,24200,Tox dif goiter no crisis,1
611,6110,Inflam disease of breast,1
378,37882,Spasm of conjugate gaze,1
239,2395,Other gu neoplasm NOS,1
788,78842,Polyuria,1
839,83903,Disloc 3rd cerv vert-cl,1
331,33119,Frontotemp dementia NEC,1
708,7080,Allergic urticaria,1
443,44329,Dissection artery NEC,1
528,5282,Oral aphthae,1
851,85186,Brain lacer NEC-coma NOS,1
738,73819,Oth spcf deformity head,1
425,4257,Metabolic cardiomyopathy,1
120,1209,Schistosomiasis NOS,1
952,95204,C1-c4 spin cord inj NEC,1
712,71230,Chondrocalcin NOS-unspec,1
E87,E8708,Acc cut in med care NEC,1
564,56481,Neurogenic bowel,1
153,1538,Malignant neo colon NEC,1
464,46431,Ac epiglottitis w obstr,1
389,3898,Hearing loss NEC,1
820,82032,Subtrochanteric fx-open,1
944,94401,Burn NOS finger,1
E92,E9248,Hot substance accid NEC,1
681,68100,"Cellulitis, finger NOS",1
E92,E9208,Acc-cutting instrum NEC,1
289,28951,Chr congest splenomegaly,1
423,4231,Adhesive pericarditis,1
E95,E956,Injury-cut instrument,1
V85,V851,"BMI between 19-24,adult",1
851,85141,Cerebell contus w/o coma,1
157,1579,Malig neo pancreas NOS,1
V55,V552,Atten to ileostomy,1
868,86814,Retroperitoneum inj-open,1
389,38905,"Condctv hear loss,unilat",1
382,3829,Otitis media NOS,1
863,86399,GI injury NEC-open,1
801,80131,Cl skul base fx w/o coma,1
398,39890,Rheumatic heart dis NOS,1
817,8170,Multiple fx hand-closed,1
V85,V8537,"BMI 37.0-37.9,adult",1
747,74769,Oth spcf prph vscl anoml,1
V62,V626,Refusal of treatment,1
788,78869,Oth abnormalt urination,1
812,81209,Fx upper humerus NEC-cl,1
952,95208,Central cord synd/c5-c7,1
791,7915,Glycosuria,1
274,27482,Gouty tophi site NEC,1
695,6950,Toxic erythema,1
952,95203,Central cord synd/c1-c4,1
821,82129,Fx low end femur NEC-cl,1
265,2651,Thiamine defic NEC/NOS,1
V12,V1241,Hx benign neoplasm brain,1
904,9042,Injury femoral vein,1
813,81343,Fx distal ulna-closed,1
850,8502,Concussion-moderate coma,1
694,6945,Pemphigoid,1
438,43852,Lt ef oth parals non-dom,1
E82,E8260,Pedal cycle acc-pedest,1
162,1624,Mal neo middle lobe lung,1
596,59659,Oth func dsdr bladder,1
698,6988,Pruritic conditions NEC,1
E86,E8668,Acc pois-solid/liq NEC,1
256,2564,Polycystic ovaries,1
997,99701,Surg complication - cns,1
618,61801,"Cystocele, midline",1
361,3619,Retinal detachment NOS,1
374,37489,Disorders of eyelid NEC,1
327,32727,Cntrl sleep apnea ot dis,1
806,80621,T1-t6 fx-cl/com cord les,1
437,4377,Transient global amnesia,1
801,80106,Cl skul base fx-coma NOS,1
873,8731,Open wound scalp-compl,1
519,5194,Disorders of diaphragm,1
480,4802,Parinfluenza viral pneum,1
288,2884,Hemophagocytic syndromes,1
573,5735,Hepatopulmonary syndrome,1
E93,E9317,Adv eff antiviral drugs,1
564,5642,Postgastric surgery synd,1
537,53784,"Dieulafoy les,stom&duod",1
750,7504,Esophageal anomaly NEC,1
706,7061,Acne NEC,1
716,71680,Arthropathy NEC-unspec,1
599,5993,Urethral caruncle,1
719,71947,Joint pain-ankle,1
805,80508,Fx mult cervical vert-cl,1
808,8088,Pelvic fracture NOS-clos,1
569,56986,"Dieulafoy les, intestine",1
378,37800,Esotropia NOS,1
378,37854,Sixth nerve palsy,1
902,90241,Injury renal artery,1
815,81500,Fx metacarpal NOS-closed,1
353,3530,Brachial plexus lesions,1
724,7249,Back disorder NOS,1
759,7593,Situs inversus,1
580,5804,Ac rapidly progr nephrit,1
996,99644,Periprosthetc fx-pros jt,1
980,9800,Toxic eff ethyl alcohol,1
E86,E8600,Acc poisn-alcohol bevrag,1
909,9093,Late eff surg/med compl,1
V10,V1007,Hx of liver malignancy,1
333,33372,Acute dystonia d/t drugs,1
289,28983,Myelofibrosis,1
305,30570,Amphetamine abuse-unspec,1
453,45376,Ch embl internl jug vein,1
726,7260,Adhesive capsulit shlder,1
722,72251,Thoracic disc degen,1
737,73712,Postlaminectomy kyphosis,1
512,51284,Other air leak,1
202,20270,Periph T cell lym xtrndl,1
333,33390,Extrapyramidal dis NOS,1
E81,E8190,Traffic acc NOS-driver,1
924,92401,Contusion of hip,1
794,7945,Abn thyroid funct study,1
150,1504,Mal neo middle 3rd esoph,1
426,4269,Conduction disorder NOS,1
787,78760,Full incontinence-feces,1
192,1921,Mal neo cerebral mening,1
310,3101,Personality chg oth dis,1
293,29383,Mood disorder other dis,1
905,9054,Late effect leg fx,1
441,4416,Thoracoabd aneurysm rupt,1
435,4358,Trans cereb ischemia NEC,1
150,1509,Mal neo esophagus NOS,1
806,80609,C5-c7 fx-cl/cord inj NEC,1
952,95214,T1-t6 spin cord inj NEC,1
427,42761,Atrial premature beats,1
396,3961,Mitral stenos/aort insuf,1
E94,E9411,Adv eff parasympatholytc,1
425,4253,Endocard fibroelastosis,1
249,24981,Sec DM other uncontrld,1
V04,V045,Vaccin for rabies,1
189,1891,Malig neo renal pelvis,1
V07,V071,Desensitiza to allergens,1
682,6828,"Cellulitis, site NEC",1
529,5293,Hypertroph tongue papill,1
E93,E9315,Adv eff antprotazoal NEC,1
V10,V1049,Hx-male genit malig NEC,1
V49,V4962,Status amput oth fingers,1
405,40591,Renovasc hypertension,1
535,53540,Oth spf gstrt w/o hmrhg,1
807,80700,Fracture rib NOS-closed,1
344,34401,"Quadrplg c1-c4, complete",1
814,81403,"Fx triquetral, wrist-cl",1
821,82101,Fx femur shaft-closed,1
702,7028,Other specf dermatoses,1
868,86813,Peritoneum injury-open,1
851,85185,Brain lac NEC-deep coma,1
808,80853,Pelv fx-open/pelv disrup,1
892,8922,Open wound foot w tendon,1
878,8780,Open wound of penis,1
879,8797,Open wnd trunk NEC-compl,1
877,8770,Open wound of buttock,1
880,88003,Open wound of upper arm,1
879,8794,Opn wnd lateral abdomen,1
158,1580,Mal neo retroperitoneum,1
410,41051,"AMI lateral NEC, initial",1
189,1892,Malign neopl ureter,1
996,99645,Periprosthetc osteolysis,1
710,7109,Diff connect tis dis NOS,1
279,27949,Autoimmune disease NEC,1
417,4178,Pulmon circulat dis NEC,1
582,58281,Chr nephritis in oth dis,1
117,1177,Zygomycosis,1
579,5799,Intest malabsorption NOS,1
873,87344,Open wound of jaw,1
303,30392,Alcoh dep NEC/NOS-episod,1
281,2812,Folate-deficiency anemia,1
616,61610,Vaginitis NOS,1
041,0419,Bacterial infection NOS,1
V18,V183,Fam hx-blood disord NEC,1
800,80060,Opn skl vlt fx/cereb lac,1
301,3014,Obsessive-compulsive dis,1
823,82302,Fx up tibia w fibula-cl,1
E81,E8182,Mv traff acc NEC-mocycl,1
825,82535,Fx metatarsal-open,1
825,82539,Fx foot bone NEC-open,1
730,73006,Ac osteomyelitis-l/leg,1
904,90442,Injury popliteal vein,1
904,90451,Inj anter tibial artery,1
E81,E8152,Mv coll w oth obj-mocycl,1
716,71699,Arthropathy NOS-mult,1
V10,V1001,Hx of tongue malignancy,1
611,61172,Lump or mass in breast,1
702,70219,Other sborheic keratosis,1
289,2890,Secondary polycythemia,1
733,73315,Path fx oth spcf prt fmr,1
950,9500,Optic nerve injury,1
E82,E8232,Oth coll stnd obj-mocycl,1
802,8029,Fx facial bone NEC-open,1
801,80160,Op skl base fx/cereb lac,1
873,87352,Open wnd forehead-compl,1
921,9213,Contusion of eyeball,1
V90,V9039,Retain organic frag NEC,1
379,37943,Mydriasis not d/t mydrtc,1
E93,E9353,Adv eff salicylates,1
995,99581,Adult physical abuse,1
E96,E9688,Assault NEC,1
E96,E9671,Child abuse by pers NEC,1
201,20190,Hdgk dis unsp xtrndl org,1
796,7962,Elev bl pres w/o hypertn,1
863,86384,Pancreas injury NOS-clos,1
535,53511,Atrph gastritis w hmrhg,1
802,80226,Fx symphy mandib body-cl,1
802,80224,Fx ramus NOS-closed,1
873,87363,Broken tooth-uncomplic,1
523,5238,Periodontal disease NEC,1
370,37024,Photokeratitis,1
453,45352,Ch DVT/embl dstl low ext,1
198,1982,Secondary malig neo skin,1
574,57481,Gal&bil cal w/ac&ch w ob,1
250,25083,DMI oth uncntrld,1
368,36800,Amblyopia NOS,1
444,4441,Thoracic aortic embolism,1
789,78906,Abdmnal pain epigastric,1
598,5988,Urethral stricture NEC,1
376,37630,Exophthalmos NOS,1
921,9211,Contusion periocular,1
473,4733,Chr sphenoidal sinusitis,1
519,5193,Mediastinum disease NEC,1
402,40201,Mal hypert hrt dis w hf,1
730,73016,Chr osteomyelit-l/leg,1
473,4730,Chr maxillary sinusitis,1
757,7570,Hereditary edema of legs,1
451,4512,Thrombophlebitis leg NOS,1
426,42612,Atrioven block-mobitz ii,1
784,7842,Swelling in head & neck,1
806,80604,C1-c4 fx-cl/cord inj NEC,1
902,90221,Injury gastric artery,1
876,8760,Open wound of back,1
E96,E966,Assault-cutting instr,1
879,8792,Opn wnd anterior abdomen,1
255,25510,Hyperaldosteronism NOS,1
969,96909,Pois antidepressants NEC,1
965,9651,Poisoning-salicylates,1
785,7852,Cardiac murmurs NEC,1
996,99641,Mech loosening pros jt,1
952,95205,C5-c7 spin cord inj NOS,1
840,8408,Sprain shoulder/arm NEC,1
357,3576,Neuropathy due to drugs,1
730,73004,Ac osteomyelitis-hand,1
295,29575,Schizoaffectve dis-remis,1
038,03844,Serratia septicemia,1
799,79923,Impulsiveness,1
273,2734,Alpha-1-antitrypsin def,1
873,87349,Open wound of face NEC,1
250,25011,DMI keto nt st uncntrld,1
728,72813,Postop heterotopic calc,1
331,3319,Cereb degeneration NOS,1
512,51283,Chronic pneumothorax,1
V13,V1364,"Hx-cong malform-eye,face",1
519,51901,Tracheostomy infection,1
811,81103,"Fx scap, glen cav/nck-cl",1
V12,V1202,Prsnl hst poliomyelitis,1
747,74729,Cong anom of aorta NEC,1
343,3439,Cerebral palsy NOS,1
200,20070,Large cell lymph xtrndl,1
277,27787,Dis mitochondrial metab,1
379,37921,Vitreous degeneration,1
811,81101,"Fx scapul, acrom proc-cl",1
275,27503,Hemochromatosis NEC,1
309,3094,Adj dis-emotion/conduct,1
201,20150,Ndr sclr unsp xtrndl org,1
975,9755,Poisoning-expectorants,1
788,7881,Dysuria,1
814,81401,"Fx navicular, wrist-clos",1
155,1551,Mal neo intrahepat ducts,1
996,99686,Compl pancreas transplnt,1
972,9726,Pois-antihyperten agent,1
E88,E8801,Fall on sidewalk curb,1
904,9046,Inj deep plantar vessel,1
V02,V0261,Hepatitis B carrier,1
601,6012,Abscess of prostate,1
564,5647,Megacolon NEC,1
852,85211,Opn subarach hem-no coma,1
320,32082,Mningts gram-neg bct NEC,1
742,7420,Encephalocele,1
461,4613,Ac sphenoidal sinusitis,1
461,4611,Ac frontal sinusitis,1
461,4610,Ac maxillary sinusitis,1
972,9729,Pois-cardiovasc agt NEC,1
E81,E8162,Loss control mv-mocycl,1
712,71296,Cryst arthrop NOS-l/leg,1
V85,V8521,"BMI 25.0-25.9,adult",1
588,5880,Renal osteodystrophy,1
157,1572,Mal neo pancreas tail,1
996,99601,Malfunc cardiac pacemake,1
709,7092,Scar & fibrosis of skin,1
552,55229,Obstr ventral hernia NEC,1
375,37520,Epiphora NOS,1
533,53340,Chr peptic ulcer w hem,1
E93,E9356,Adv eff antirheumatics,1
614,6149,Fem pelv inflam dis NOS,1
295,29520,Catatonia-unspec,1
820,82020,Trochanteric fx NOS-clos,1
478,47819,Nasal & sinus dis NEC,1
300,30029,Isolated/spec phobia NEC,1
970,9701,Poison-opiate antagonist,1
495,4957,"""ventilation"" pneumonit",1
581,5811,Epimembranous nephritis,1
150,1505,Mal neo lower 3rd esoph,1
716,71691,Arthropathy NOS-shlder,1
E95,E9588,Injury-NEC,1
E82,E8261,Ped cycl acc-ped cyclist,1
790,79093,Elvtd prstate spcf antgn,1
783,78340,Lack norm physio dev NOS,1
758,7580,Down's syndrome,1
574,57430,Choledocholith/ac gb inf,1
176,1760,Skin - kaposi's sarcoma,1
300,3009,Nonpsychotic disord NOS,1
441,44102,Dsct of abdominal aorta,1
478,47833,Vocal paral bilat part,1
718,71849,Jt contracture-mult jts,1
V43,V431,Lens replacement NEC,1
E92,E9298,Late eff accident NEC,1
426,4267,Anomalous av excitation,1
360,36001,Acute endophthalmitis,1
361,3612,Serous retina detachment,1
362,36281,Retinal hemorrhage,1
372,37274,Conjunctiva vasc anomaly,1
E87,E8789,Abn react-surg proc NOS,1
V16,V161,Fm hx-trach/bronchog mal,1
490,490,Bronchitis NOS,1
867,8671,Bladder/urethra inj-open,1
751,75169,Biliary & liver anom NEC,1
E98,E989,Late eff inj-undet circ,1
905,9053,Late eff femoral neck fx,1
326,326,Late eff cns abscess,1
301,3019,Personality disorder NOS,1
715,71515,Loc prim osteoart-pelvis,1
969,9695,Poison-tranquilizer NEC,1
E98,E9803,Undeterm pois-psychotrop,1
344,34481,Locked-in state,1
354,3545,Mononeuritis multiplex,1
758,7587,Klinefelter's syndrome,1
V63,V632,Wait adm to oth facility,1
727,72700,Synovitis NOS,1
250,25010,DMII keto nt st uncntrld,1
724,7244,Lumbosacral neuritis NOS,1
788,78833,Mixed incontinence,1
304,30410,"Sed,hyp,anxiolyt dep-NOS",1
844,8441,Sprain medial collat lig,1
211,2114,Benign neopl rectum/anus,1
902,90225,Inj super mesenteric art,1
V83,V8389,Genetic carrier stat NEC,1
836,8360,Tear med menisc knee-cur,1
837,8370,Dislocation ankle-closed,1
711,71108,Pyogen arthritis NEC,1
482,48232,Pneumonia strptococcus b,1
614,6144,Chronic parametritis,1
218,2189,Uterine leiomyoma NOS,1
948,94800,Bdy brn < 10%/3d deg NOS,1
446,4464,Wegener's granulomatosis,1
440,44029,Athrsc extrm ntv art oth,1
344,3445,Monoplegia NOS,1
917,9172,Blister foot & toe,1
732,7320,Juv osteochondros spine,1
944,94426,2 deg burn back of hand,1
200,20018,Lymphosarcoma mult,1
304,30471,Opioid/other dep-contin,1
574,57491,Gall&bil cal w/o ch w ob,1
789,7891,Hepatomegaly,1
965,96501,Poisoning-heroin,1
386,38600,Meniere's disease NOS,1
438,43853,Lt ef oth parals-bilat,1
429,4290,Myocarditis NOS,1
E94,E9422,Adv eff antilipemics,1
996,99609,Malfunc card dev/grf NEC,1
196,1966,Mal neo lymph-intrapelv,1
374,37410,Ectropion NOS,1
753,75321,Congen obst urtroplv jnc,1
727,72705,Tenosynov hand/wrist NEC,1
853,85306,Brain hem NEC-coma NOS,1
905,9050,Late effec skull/face fx,1
212,2123,Benign neo bronchus/lung,1
V54,V5415,Aftrcare traum fx up leg,1
810,81003,"Fx clavicl, acrom end-cl",1
873,8738,Open wound of head NEC,1
748,7483,Laryngotrach anomaly NEC,1
250,25091,DMI unspf nt st uncntrld,1
477,4779,Allergic rhinitis NOS,1
052,0520,Postvaricella encephalit,1
334,3341,Hered spastic paraplegia,1
571,57149,Chronic hepatitis NEC,1
333,3335,Chorea NEC,1
716,71696,Arthropathy NOS-l/leg,1
088,08881,Lyme disease,1
323,32341,Ot encph/mye ot inf else,1
E91,E9179,Obj w-w/o sub fall NEC,1
433,43311,Ocl crtd art w infrct,1
009,0090,Infectious enteritis NOS,1
583,5839,Nephritis NOS,1
881,88121,Opn wound elbow w tendon,1
711,71102,Pyogen arthritis-up/arm,1
785,7851,Palpitations,1
238,23879,Lymph/hematpoitc tis NEC,1
251,2513,Postsurg hypoinsulinemia,1
730,73012,Chr osteomyelit-up/arm,1
202,20281,Lymphomas NEC head,1
553,5538,Hernia NEC,1
784,78442,Dysphonia,1
473,4738,Chronic sinusitis NEC,1
282,28249,Thalassemia NEC,1
793,7937,Nonsp abn find-ms system,1
274,27403,Chr gouty atroph w tophi,1
794,7949,Abn function study NEC,1
884,8840,Open wound arm mult/NOS,1
171,1714,Mal neo soft tis thorax,1
357,3570,Ac infect polyneuritis,1
335,33522,Progressive bulbar palsy,1
369,3699,Visual loss NOS,1
805,8058,Vertebral fx NOS-closed,1
823,82392,Fx tibia w fib NOS-open,1
378,37851,Partial third nerv palsy,1
823,82382,Fx tibia w fibula NOS-cl,1
865,86504,Spleen disruption-clos,1
273,2732,Paraproteinemia NEC,1
446,4466,Thrombot microangiopathy,1
737,73734,Thoracogenic scoliosis,1
279,27901,Selective iga immunodef,1
V13,V1309,Prsn hst ot spf urn dsrd,1
344,34442,Mnplg upr lmb nondmnt sd,1
282,2825,Sickle-cell trait,1
451,45184,Phlbts vn NOS up extrm,1
E88,E8841,Fall from cliff,1
790,7901,Elevated sediment rate,1
729,72982,Cramp in limb,1
691,6918,Other atopic dermatitis,1
E98,E9881,"Undeterm circ-burn, fire",1
552,55200,Unil femoral hern w obst,1
227,2273,Benign neo pituitary,1
241,2419,Nontox nodul goiter NOS,1
839,83905,Disloc 5th cerv vert-cl,1
437,4374,Cerebral arteritis,1
433,43380,Ocl spcf art wo infrct,1
V43,V4361,Joint replaced shoulder,1
822,8220,Fracture patella-closed,1
835,83501,Posterior disloc hip-cl,1
648,64814,Thyroid dysfunc-postpart,1
648,64844,Mental disorder-postpart,1
648,64894,Oth curr cond-postpartum,1
296,29623,Depress psychosis-severe,1
966,9663,Pois-anticonvul NEC/NOS,1
647,64784,Infect dis NEC-postpart,1
648,64824,Anemia-postpartum,1
669,66934,Ac kidney fail-postpart,1
574,57471,Gall&bil cal w/oth w obs,1
686,68601,Pyoderma gangrenosum,1
996,99602,Malfunc prosth hrt valve,1
V45,V4509,Status oth spcf crdc dvc,1
786,78639,Hemoptysis NEC,1
864,86401,Liver hematoma/contusion,1
378,37810,Exotropia NOS,1
345,34570,Epil par cont w/o int ep,1
403,40301,Mal hyp kid w cr kid V,1
482,48230,Streptococcal pneumn NOS,1
279,27953,Ac on chrn grft-vs-host,1
350,3501,Trigeminal neuralgia,1
730,73088,Bone infect NEC-oth site,1
865,86503,Spleen parenchyma lacer,1
721,72190,Spondylos NOS w/o myelop,1
338,33828,Chronic postop pain NEC,1
598,5989,Urethral stricture NOS,1
297,2971,Delusional disorder,1
707,7079,Chronic skin ulcer NOS,1
E84,E8494,Accid in recreation area,1
787,78703,Vomiting alone,1
786,78602,Orthopnea,1
593,5935,Hydroureter,1
154,1540,Mal neo rectosigmoid jct,1
198,1981,Sec malig neo urin NEC,1
487,4871,Flu w resp manifest NEC,1
753,7530,Renal agenesis,1
903,9035,Injury finger vessels,1
882,8822,Open wound hand w tendon,1
816,81612,"Fx distal phal, hand-opn",1
955,9557,Inj nerve shldr/arm NEC,1
927,9273,Crushing injury finger,1
E91,E9198,Machinery accident NEC,1
784,78469,Symbolic dysfunction NEC,1
784,78449,Voice/resonance dis NEC,1
379,3798,Eye disorders NEC,1
E93,E9301,Adv eff antifung antbiot,1
112,11281,Candidal endocarditis,1
V69,V694,Lack of adequate sleep,1
480,4808,Viral pneumonia NEC,1
801,80136,Cl skul base fx-coma NOS,1
813,81301,Fx olecran proc ulna-cl,1
003,0030,Salmonella enteritis,1
151,1512,Mal neo pyloric antrum,1
939,9390,FB bladder & urethra,1
574,57421,Cholelithias NOS w obstr,1
V54,V5413,Aftrcre traumatic fx hip,1
923,92310,Contusion of forearm,1
441,4413,Rupt abd aortic aneurysm,1
815,81502,Fx metacarp base NEC-cl,1
728,7283,Muscle disorders NEC,1
995,99529,Adv eff med/biol NEC/NOS,1
800,80012,Cl skull vlt fx-brf coma,1
V10,V1089,Hx of malignancy NEC,1
716,71615,Traum arthropathy-pelvis,1
V49,V4981,Asympt postmeno status,1
V07,V074,Hormone replace postmeno,1
537,5379,Gastroduodenal dis NOS,1
816,81601,"Fx mid/prx phal, hand-cl",1
V42,V425,Cornea transplant status,1
202,20205,Nodular lymphoma inguin,1
174,1749,Malign neopl breast NOS,1
801,80102,Cl skul base fx-brf coma,1
756,75683,Ehlers-danlos syndrome,1
603,6031,Infected hydrocele,1
517,5178,Lung involv in oth dis,1
532,53251,Chr duoden ulc perf-obst,1
V58,V5881,Fit/adj vascular cathetr,1
366,36616,Senile nuclear cataract,1
530,53012,Acute esophagitis,1
759,75982,Marfan syndrome,1
253,2531,Ant pituit hyperfunc NEC,1
E84,E8496,Accident in public bldg,1
729,72971,Nontraum comp syn-up ext,1
733,73349,Asept necrosis bone NEC,1
225,2250,Benign neoplasm brain,1
619,6191,"Digest-genit fistul, fem",1
780,78099,Other general symptoms,1
519,51911,Acute bronchospasm,1
596,5963,Diverticulum of bladder,1
322,3229,Meningitis NOS,1
V84,V8409,Genetic susc mal neo NEC,1
751,75162,Cong cystic liver dis,1
709,7099,Skin disorder NOS,1
807,80709,Fx mult ribs NOS-closed,1
V50,V5049,Prphylct orgn rmvl other,1
866,86600,Kidney injury NOS-closed,1
253,2537,Iatrogenic pituitary dis,1
E93,E9354,Adv eff arom analgsc NEC,1
E94,E9430,Adv eff antacids,1
144,1440,Mal neo ant floor mouth,1
624,6248,Noninflam dis vulva NEC,1
701,7010,Circumscribe scleroderma,1
332,3321,Secondary parkinsonism,1
874,8744,Open wound of pharynx,1
E95,E9550,Injury-handgun,1
839,83906,Disloc 6th cerv vert-cl,1
426,42653,Bilat bb block NEC,1
823,82301,Fx upper end fibula-clos,1
844,8442,Sprain cruciate lig knee,1
870,8700,Lac eyelid skn/perioculr,1
437,4371,Ac cerebrovasc insuf NOS,1
239,2396,Brain neoplasm NOS,1
903,90301,Injury axillary artery,1
955,9559,Inj nerve shldr/arm NOS,1
011,01190,Pulmonary TB NOS-unspec,1
854,85402,Brain inj NEC-brief coma,1
352,3526,Mult cranial nerve palsy,1
V62,V625,Legal circumstances,1
277,2777,Dysmetabolic syndrome x,1
355,3553,Lat popliteal nerve les,1
590,5902,Renal/perirenal abscess,1
270,2704,Sulph amino-acid met dis,1
228,22804,Hemangioma intra-abdom,1
296,29634,Rec depr psych-psychotic,1
307,30751,Bulimia nervosa,1
965,96561,Pois-propionic acid derv,1
806,80610,C1-c4 fx-op/cord inj NOS,1
814,81400,Fx carpal bone NOS-close,1
741,74193,Spina bifida-lumbar,1
171,1715,Mal neo soft tis abdomen,1
V10,V1047,Hx-testicular malignancy,1
296,29625,Depr psychos-part remiss,1
707,70711,Ulcer of thigh,1
425,4258,Cardiomyopath in oth dis,1
402,40290,Hyp hrt dis NOS w/o hf,1
813,81332,Fx ulna shaft-open,1
864,86412,"Liver lacerat, minor-opn",1
832,83209,Dislocat elbow NEC-close,1
723,7235,Torticollis NOS,1
813,81303,Monteggia's fx-closed,1
746,74681,Cong subaortic stenosis,1
300,30021,Agoraphobia w panic dis,1
597,5970,Urethral abscess,1
599,5991,Urethral fistula,1
265,2652,Pellagra,1
975,9752,Pois-skelet muscle relax,1
999,99933,Lcl inf dt cen ven cth,1
788,78841,Urinary frequency,1
733,73314,Path fx neck of femur,1
800,80020,Cl skl vlt fx/mening hem,1
453,45374,Ch emblsm axillary veins,1
433,43300,Ocl bslr art wo infrct,1
453,45371,Ch emblsm suprfcl up ext,1
573,5739,Liver disorder NOS,1
E82,E8241,N-traf board/alight-psgr,1
593,59370,Vescouretrl rflux unspcf,1
153,1531,Mal neo transverse colon,1
934,9340,Foreign body in trachea,1
E91,E911,Resp obstr-food inhal,1
E82,E8230,Oth coll stndng obj-driv,1
902,90242,Injury renal vein,1
883,8830,Open wound of finger,1
896,8960,"Amputation foot, unilat",1
881,88100,Open wound of forearm,1
811,81109,Fx scapula NEC-closed,1
881,88102,Open wound of wrist,1
V49,V4984,Bed confinement status,1
784,78459,Speech disturbance NEC,1
815,81519,Mult fx metacarpus-open,1
E91,E916,Struck by falling object,1
E01,E0161,Gardening/landscaping,1
451,45183,Phlbts deep vn up extrm,1
568,56889,Peritoneal disorder NEC,1
788,78863,Urgency of urination,1
284,28411,Antin chemo indcd pancyt,1
592,5920,Calculus of kidney,1
703,7030,Ingrowing nail,1
692,69282,Dermatitis oth radiation,1
724,72403,"Spin sten,lumbr w claud",1
508,5080,Ac pul manif d/t radiat,1
571,5710,Alcoholic fatty liver,1
996,99665,React-oth genitourin dev,1
V16,V168,Family hx-malignancy NEC,1
385,38589,Dis mid ear/mastoid NEC,1
994,9941,Drowning/nonfatal submer,1
791,7913,Myoglobinuria,1
E91,E9102,Swimming accident NOS,1
202,20288,Lymphomas NEC mult,1
E93,E9313,Adv eff quinoline,1
200,20080,Oth varn unsp xtrndl org,1
423,4238,Pericardial disease NEC,1
788,78843,Nocturia,1
246,2468,Disorders of thyroid NEC,1
737,73739,Scoliosis NEC,1
327,32726,Sleep hypovent oth dis,1
840,8404,Sprain rotator cuff,1
445,44502,"Atheroembolism,lower ext",1
729,72939,"Panniculitis, site NEC",1
049,0499,Viral encephalitis NOS,1
V85,V8532,"BMI 32.0-32.9,adult",1
V11,V118,Hx-mental disorder NEC,1
238,2380,Unc behav neo bone,1
801,80120,Cl skl base fx/menin hem,1
872,87201,Open wound of auricle,1
E93,E9370,Adv eff barbiturates,1
337,3373,Autonomic dysreflexia,1
344,34409,Other quadriplegia,1
E85,E8540,Acc poison-antidepressnt,1
441,4411,Ruptur thoracic aneurysm,1
969,96905,Pois tricyclc antidepres,1
355,3558,Mononeuritis leg NOS,1
444,4449,Arterial embolism NOS,1
353,3536,Phantom limb (syndrome),1
525,52540,Complete edentulism NOS,1
525,52510,Acq absence of teeth NOS,1
V14,V146,Hx-analgesic allergy,1
191,1918,Malig neo brain NEC,1
816,81602,"Fx dist phalanx, hand-cl",1
292,29289,Drug mental disorder NEC,1
726,7265,Enthesopathy of hip,1
457,4570,Postmastect lymphedema,1
782,7825,Cyanosis,1
V58,V5811,Antineoplastic chemo enc,1
250,25072,DMII circ uncntrld,1
719,71909,Joint effusion-mult jts,1
865,86500,Spleen injury NOS-closed,1
569,56961,Colosty/enterost infectn,1
V44,V4459,Cystostomy status NEC,1
E87,E8764,Fail introd/remove tube,1
853,85300,Traumatic brain hem NEC,1
530,5300,Achalasia & cardiospasm,1
873,87340,Open wound of face NOS,1
902,90223,Injury splenic artery,1
865,86509,Spleen injury NEC-closed,1
880,88029,Mlt opn wnd shldr w tend,1
V01,V016,Venereal dis contact,1
970,97081,Poisoning by cocaine,1
998,9984,FB left during procedure,1
232,2325,Ca in situ skin trunk,1
736,73689,Oth acq limb deformity,1
359,3599,Myopathy NOS,1
347,34700,Narcolepsy w/o cataplexy,1
616,61689,"Inflm cerv,vag,vulva NEC",1
575,5752,Obstruction gallbladder,1
921,9210,Black eye NOS,1
300,30012,Dissociative amnesia,1
300,30011,Conversion disorder,1
530,5309,Esophageal disorder NOS,1
E85,E8585,Acc poisn-metabol agnt,1
974,9744,Poisoning-diuretics NEC,1
997,99769,Amputat stump compl NEC,1
534,53440,Chr marginal ulcer w hem,1
342,34200,Flccd hmiplga unspf side,1
277,27789,Metabolism disorder NEC,1
357,35782,Crit illness neuropathy,1
V54,V5416,Aftrcre traum fx low leg,1
617,6171,Ovarian endometriosis,1
342,34202,Flccd hmiplg nondmnt sde,1
305,30593,Drug abuse NEC-in remiss,1
E87,E8718,Post-op foreign body NEC,1
521,52109,Dental caries NEC,1
V85,V8525,"BMI 29.0-29.9,adult",1
278,27802,Overweight,1
420,42090,Acute pericarditis NOS,1
551,5518,"Hernia, site NEC w gangr",1
716,71650,Polyarthritis NOS-unspec,1
348,3480,Cerebral cysts,1
783,7831,Abnormal weight gain,1
149,1498,Mal neo oral/pharynx NEC,1
172,1725,Malig melanoma trunk,1
550,55001,Recur unil ing hern-gang,1
965,96509,Poisoning-opiates NEC,1
575,57512,Acte & chr cholecystitis,1
E85,E8502,Acc poison-opiates NEC,1
359,3594,Toxic myopathy,1
V54,V5411,Aftrcare traum fx up arm,1
493,49391,Asthma w status asthmat,1
918,9180,Superfic inj periocular,1
172,1723,Mal melanom face NEC/NOS,1
356,3568,Idio periph neurpthy NEC,1
300,30016,Factitious dis w symptom,1
288,28862,Leukemoid reaction,1
853,85302,Brain hem NEC-brief coma,1
236,23691,Unc behav neo kidney,1
370,37034,Expsure keratoconjunctiv,1
V45,V4588,TPA adm status 24 hr pta,1
783,7835,Polydipsia,1
337,33720,Unsp rflx sympth dystrph,1
278,2788,Other hyperalimentation,1
722,7226,Disc degeneration NOS,1
214,2142,Lipoma intrathoracic,1
327,32725,Cong cntrl hypovent synd,1
552,5521,Umbilical hernia w obstr,1
789,78907,Abdmnal pain generalized,1
600,60091,BPH NOS w ur obs/LUTS,1
320,32089,Meningitis oth spcf bact,1
437,4375,Moyamoya disease,1
781,7816,Meningismus,1
368,36813,Visual discomfort,1
V44,V4450,Cystostomy status NOS,1
891,8911,Open wnd knee/leg-compl,1
958,9583,Posttraum wnd infec NEC,1
891,8912,Opn wnd knee/leg w tendn,1
V54,V5481,Aftercare joint replace,1
854,85401,Brain injury NEC-no coma,1
535,53501,Acute gastritis w hmrhg,1
411,4110,Post MI syndrome,1
528,5289,Oral soft tissue dis NEC,1
466,46611,Acu broncholitis d/t RSV,1
304,30491,Drug depend NOS-contin,1
551,55121,Gangr incisional hernia,1
478,47874,Stenosis of larynx,1
296,29640,Bipol I currnt manic NOS,1
334,3343,Cerebellar ataxia NEC,1
835,83500,Dislocat hip NOS-closed,1
